common_voice_tw_41094461.wav|Nea ɛyɛ nwonwa no, eyi nso bɛdanee asɛm foforo — sɛ yɛsakra nkurɔfo!
common_voice_tw_34745954.wav|Dabi, ɛnte saa
common_voice_tw_40932710.wav|Me nte Asamoah hyehyɛyɛ ase.
common_voice_tw_40258530.wav|Ahoɔden bɛn na wonya fi aduaba yi di mu?
common_voice_tw_36831072.wav|Minnim nea Kwasi nim, nanso Kwasi nim nea minim.
common_voice_tw_36831073.wav|Dɛn na Bible ka wɔ ho?
common_voice_tw_36831074.wav|Woyɛ ɔbɔnefo.
common_voice_tw_40206815.wav|Yɛhyɛɛ no ma ogye toom sɛ ɔbɛyɛ.
common_voice_tw_40206819.wav|Da su pa adi.
common_voice_tw_40206828.wav|Ɛno na ɛboaa me.
common_voice_tw_34997393.wav|• Ma wo yere nhu sɛ wopene nufuma so.
common_voice_tw_34997394.wav|Dɛn na ɛno bɛkyerɛ?
common_voice_tw_34997398.wav|Ɛkaa abɔde ho nsɛm pii a ɛma yenya Yehowa dɔ ho anisɔ kɛse.
common_voice_tw_34997400.wav|Mekae saa asɛmfua yi.
common_voice_tw_34997402.wav|Dɛn na wopɛ sɛ wunya?
common_voice_tw_35280404.wav|Ɛyɛɛ no nwonwa ma obisaa me sɛ
common_voice_tw_35280405.wav|Sɛnea Asamoah gye di sɛ biribiara wɔ ne bere ne baabi.
common_voice_tw_35280406.wav|Mekyerɛkyerɛɛ mu sɛ Yehowa Adansefo nso hyɛ eyi ho nkuran.
common_voice_tw_35280407.wav|Bere a midii awia aduan wiei no, mesan kɔɔ adwumayɛbea hɔ.
common_voice_tw_35280408.wav|Wɔn mfe akɔ anim yiye.
common_voice_tw_35280429.wav|Ná m'ani nnye basabasayɛ ho.
common_voice_tw_35280430.wav|Ɛnyɛ adammɔ.
common_voice_tw_35280431.wav|Wɔde Wɔn Dii Dwuma Wɔ Onyankopɔn Atirimpɔw Mmamu Mu
common_voice_tw_35280432.wav|Mmerante ani so yɛ hye sen mmeawa.
common_voice_tw_35280433.wav|Asiane bɛn na ɛwom?
common_voice_tw_35280439.wav|So eyi nyɛ ne kyinii?
common_voice_tw_35280440.wav|Efi atɔ ɔpon no so.
common_voice_tw_35280441.wav|Ɛyɛ ayaresabea yi na mekɔɔ hɔ bosome a etwaam no.
common_voice_tw_35280443.wav|Chien nyɛ Amerikani.
common_voice_tw_35280449.wav|Ɔkaa sɛ: “ Sɛ motena m’asɛm mu a
common_voice_tw_35280450.wav|Tammy ka sɛ: Yɛbɛn yɛn ho ara yiye.
common_voice_tw_35280451.wav|Momma yɛnsan nkɔ yɛn akyi ansa na osu afi ase atɔ.
common_voice_tw_35280452.wav|Sɛ awɔw a ano yɛ den ba a, Asamoah tia.
common_voice_tw_35280453.wav|Wɔn amumɔyɛde no ka yɛn nyinaa, na ɛma nneɛma bo yɛ den.
common_voice_tw_35280454.wav|Awofo a wɔwɔ abrabɔ pa ho nnyinasosɛm nso betumi de mmoa ama.
common_voice_tw_35280455.wav|na ɔyɛ ahomaso.
common_voice_tw_35280456.wav|Ɛsɛ sɛ woma meboa.
common_voice_tw_35280457.wav|Yɛnkɔhwɛ sini
common_voice_tw_35280458.wav|Nsakrae titiriw a wɔbɛyɛ wɔ sɛnea wosii no mu nkutoo na ɛbɛbɔ ho ban.
common_voice_tw_35280459.wav|Mede me ho hyɛɛ apontow no mu bi.
common_voice_tw_35280460.wav|Mibuee mpomma no mu anadwo mũ no nyinaa.
common_voice_tw_35280461.wav|Nnipakuw a Wodi Yiye a Wɔbɛhyehyɛ
common_voice_tw_35280462.wav|Aguade ho dawurubɔ foforo nso de ntimu na edi dwuma.
common_voice_tw_35280463.wav|Suban: Akwahosan Pa — Dɛn na Wubetumi Ayɛ Wɔ Ho?
common_voice_tw_35280464.wav|Asamoah di ntoma no siee ne sumii ase.
common_voice_tw_35280466.wav|Ɔkwan bɛn so na saa dua yi dua fii ase?
common_voice_tw_35280468.wav|Mfaso a Enni Akodi So
common_voice_tw_35280489.wav|So woka sɛ saa awerɛhosɛm yi ntumi nsi wɔ beae a wote da?
common_voice_tw_35280491.wav|Ɛno yɛ anigyesɛm ma me.
common_voice_tw_35280492.wav|Ná wasi gyinae a etwa to.
common_voice_tw_35280497.wav|Ɛyɛɛ wo nwonwa?
common_voice_tw_35280498.wav|Na Asamoa wɔ nsɛm bi a ɛyɛ anigye bi ka.
common_voice_tw_35280499.wav|Mmea ahotefo no reto dwom.
common_voice_tw_35280500.wav|Ná onnim nyansa.
common_voice_tw_35280501.wav|Fi hɔ ɔkyena.
common_voice_tw_35280502.wav|Minim sɛ Asamoa nim.
common_voice_tw_35280503.wav|Badwoa biako nyin na esian kɔ awotwaa no mu.
common_voice_tw_35280504.wav|So wopɛ sɛ wutu kwan?
common_voice_tw_35280505.wav|Wunim nyansa yiye.
common_voice_tw_35280506.wav|Bere a na Koosa pɛ sɛ odidi wɔ mpa so no, ofii ase didii.
common_voice_tw_35280507.wav|Ɛnsɛ sɛ woka adɛfɛdɛfɛsɛm, na mmom fa ayeyi a ɛfata ma.
common_voice_tw_35280508.wav|Afrika akyerɛma de nhyehyɛe foforo dii dwuma.
common_voice_tw_35280509.wav|Sɛ nsu no mu yɛ den a, ɛkɔ soro.
common_voice_tw_35280510.wav|Asamoa wɔ apre nnua abiesa wɔ n' adiwo.
common_voice_tw_35280511.wav|Mmere bi wɔ hɔ a ɛtwene ahorow maa abakɔsɛm mu nsɛm tebea sesae.
common_voice_tw_35280521.wav|Yɛretopon anadwo yi.
common_voice_tw_35280522.wav|Wowɔ nnamfo pii?
common_voice_tw_35280523.wav|Bio nso, asoɔden sɛe wo ne w’awofo ntam abusuabɔ.
common_voice_tw_35280524.wav|ɔno nso hui
common_voice_tw_35280525.wav|Miguan puee kɔpɛɛ kai
common_voice_tw_35280531.wav|Ɛyɛ bere a obi adi bɛyɛ mfe anan kosi anan akyi.
common_voice_tw_35280532.wav|Enti yɛbɛyɛɛ ɔwofo biako abusua.
common_voice_tw_35280533.wav|Biribiara a ohu no, sɛ ɔhwɛ no yiye a, obetumi ayɛ....
common_voice_tw_35280534.wav|Ɔyaresafoɔ no nhwehwɛmu no pansam n’abusuakuo daeso
common_voice_tw_35280535.wav|Migye di sɛ Onyankopɔn wɔ hɔ.
common_voice_tw_35280540.wav|Wobɔ mmɔden sɛ wobɛma agyina nanso ɛnyɛ yiye.
common_voice_tw_35280541.wav|Eyi nyɛ nea asɛm biara nni ho.
common_voice_tw_35280542.wav|Dɛn na yɛfrɛ no saa atosode yi wɔ Engiresi kasa mu?
common_voice_tw_35280543.wav|Mpere wo ho nsi gyinae wɔ nea ɛsɛ sɛ woyɛ ho.
common_voice_tw_35280544.wav|• Ɔkasa tia ne ho
common_voice_tw_35280546.wav|Wɔtɔn Asetra a Enni Awiei
common_voice_tw_35280547.wav|Mehwɛ kwan sɛ ɔbɛba bere biara.
common_voice_tw_35280548.wav|German kasa ho nimdeɛ a mewɔ no sua.
common_voice_tw_35280549.wav|Mfe akron a atwam ni no, nufu mu kokoram kum me maame.
common_voice_tw_35280550.wav|So w’ani sɔ nnwom akyɛde a yɛn Bɔfo no de ama yɛn no?
common_voice_tw_35280551.wav|So wopɛ sukuu?
common_voice_tw_35280552.wav|Tema — Nkɔmmɔbɔ Fapem
common_voice_tw_35280553.wav|Mennye nni sɛ nsamanfo wɔ hɔ.
common_voice_tw_35280554.wav|Ofie no fã ha tɔ anɔpa.
common_voice_tw_35280555.wav|ne werɛ remfi da!
common_voice_tw_35280556.wav|So ɛyɛ me de?
common_voice_tw_35280557.wav|Akwankyerɛ Ahorow Ma Wimhyɛn Mu Akwantufo
common_voice_tw_35280558.wav|Yehui sɛ nkurɔfo de mmirika reguan, na na wɔretotow atuo.
common_voice_tw_35280559.wav|Misusuw sɛ Television hwɛ yɛ bere sɛe.
common_voice_tw_35280560.wav|Mɛtumi abɛsra wo?
common_voice_tw_35280561.wav|Wuntumi mfa akwanhyia no ho asodi nto no so.
common_voice_tw_35280562.wav|Ɔwa na ne ho yɛ den.
common_voice_tw_35280563.wav|Nanso, Onyankopɔn ayɛ nhyehyɛe bi a ɔde begye Adam asefo anaa?
common_voice_tw_35280564.wav|Sɛ osua ade yiye a, obetumi atwa sɔhwɛ no.
common_voice_tw_35280565.wav|ɛkaa me ma misui.
common_voice_tw_35280566.wav|Sɛ́ Asamoah no, onnim sɛ meyɛ Canadani.
common_voice_tw_35280567.wav|Wɔ wiase nyinaa no mmeae a ɛhɔ yɛ nwini no afi ase renan.
common_voice_tw_35280568.wav|Mituu mmirika kɔɔ ɔforote bi mu.
common_voice_tw_35280569.wav|Ɛyɛ den sɛ wobɛsɔre a wonnom kɔfe a ano yɛ den.
common_voice_tw_35280575.wav|Esiane sɛ ɔyɛ ohiani nti, ontumi ntɔ.
common_voice_tw_35280576.wav|Nwomasua na ayɛ me sɛnea mete nnɛ yi
common_voice_tw_35280577.wav|Obu a Amerikafo Ankasa wɔ ma mmoa no ada adi wɔ akwan pii so.
common_voice_tw_35280578.wav|Esiane akwanhyia bi nti, wɔde yɛn too afiase nnɔnhwerew abien.
common_voice_tw_35280579.wav|Na mewɔ obu a emu dɔ ma Bible no bere nyinaa.
common_voice_tw_35280590.wav|Ɔkwan bɛn so na acupuncture dwudwo ɛyaw ano anaasɛ eyi fi hɔ?
common_voice_tw_35280591.wav|ababaa no kɔɔ so kaa sɛ minnye
common_voice_tw_35280592.wav|Eyi ne ade denden a mpɛn pii no yɛfrɛ no bɔwerɛw no.
common_voice_tw_35280593.wav|Nneyɛe a ahosodi nnim a ɛte saa no betumi ayɛ adepa?
common_voice_tw_35280594.wav|Me ne no gyee nhyehyɛe foforow no ho akyinnye.
common_voice_tw_35280600.wav|Dwene wo ho
common_voice_tw_35280601.wav|Ɛba saa a ɔyerenom bi hwehwɛ mmoa fi baabi foforo.
common_voice_tw_35280607.wav|Hwɛ mfomso ara a odii!
common_voice_tw_35280608.wav|Ná mempɛ n'asɛm, efisɛ na mempɛ n'asɛm.
common_voice_tw_35280629.wav|Me safoa ni
common_voice_tw_35280630.wav|Asamoa anya me mmɔborɔhunu.
common_voice_tw_35280631.wav|Ɛha yi de na wɔwɔ ahotoso sɛ wobehu sintɔ bi.
common_voice_tw_35280632.wav|Dɛn nti na ɛsɛ sɛ woma kar a ɛreba no kwan?
common_voice_tw_35280633.wav|Kwaku ka kar tuntum bi, ɛnte saa?
common_voice_tw_35292332.wav|M'adamfo pa ma me afotu pa bere nyinaa.
common_voice_tw_35292333.wav|Sɛ woma me kwan a, metumi ayɛ saa.
common_voice_tw_35292334.wav|Dɛn nti na nsekudi abu so saa, nanso dɛn na ɛtaa fi mu ba?
common_voice_tw_35292335.wav|Sɛ saa a, so wobrɛ wo ho ase hyɛ wɔn ase?
common_voice_tw_35292336.wav|Eyi ne ɔbarima a polisifo susuw sɛ ɔno na odii dwuam no
common_voice_tw_35292342.wav|Nnipa kakraa bi pɛ na wɔba nhyiam no.
common_voice_tw_35292343.wav|Asamoa paw sɛ ɔne no bɛtra mmom sen sɛ ɔne ne maame bɛtra.
common_voice_tw_35292346.wav|Bible no nhyɛ yɛn nkuran sɛ yenni nnipa akyi.
common_voice_tw_35292352.wav|Ɛsɛ sɛ saa mmere yi yɛ anigye ne nea ɛhyɛ nkuran.
common_voice_tw_35292354.wav|na ɛbɛka Samuel sɛn?
common_voice_tw_35292355.wav|So ɛyɛ nokware sɛ wotow kyakya?
common_voice_tw_35292356.wav|Awerɛhosɛm bɛn ara ni!
common_voice_tw_35292362.wav|Wanka afe pɔtee a wɔwoo no.
common_voice_tw_35292363.wav|So na wote ha pɛn?
common_voice_tw_35292364.wav|Ɔreboa no.
common_voice_tw_35292366.wav|Na ɛsan hyɛɛ nkɔm sɛ: Nnipa bɔne asisifo bɛkɔ wɔn anim wɔ bɔne mu.
common_voice_tw_35292367.wav|Akyinnye biara nni ho sɛ ɔbɛkɔ England ahohuru bere yi mu.
common_voice_tw_35292368.wav|Sɛ woanyinyan w’anim a, wɔrensuro pii.
common_voice_tw_35292369.wav|Mahu abɔfo na me ne wɔn akasa.
common_voice_tw_35292370.wav|Ná nea edi kan no nyɛ papa.
common_voice_tw_35292371.wav|Kasafĩ Hela, bla·sphe·miʹa kɔ akyiri sen asɛm bi a wɔka no.
common_voice_tw_35292372.wav|Hia a Ɔdɔ Ho Hia
common_voice_tw_35292373.wav|• Ne tebea sesa mpofirim
common_voice_tw_35292374.wav|Me yere ho dwiriw no.
common_voice_tw_35292375.wav|Aboa tuntum yi ho dwiriw no, te sɛ nea wɔakyere no.
common_voice_tw_35292376.wav|Adwuma a wɔne afoforo bom yɛ
common_voice_tw_35292377.wav|Ɔtoo dwom dedaw bi.
common_voice_tw_35292378.wav|Sɛ ɛnyɛ wo mmoa a, anka mintumi nyɛ.
common_voice_tw_35292379.wav|Ɛyɛ wo na wohyɛɛ nyansa sɛ wubehu saa sini no.
common_voice_tw_35292381.wav|Mintumi mpa abaw.
common_voice_tw_35292382.wav|na ɔka sɛ: “ Me papa wui no
common_voice_tw_35292383.wav|Ná misusuw sɛ Kwabena wɔ baabi a wɔtra.
common_voice_tw_35292384.wav|Asamoah ani nnye agumadi ho no.
common_voice_tw_35292385.wav|Baanu Ye Sen Obiako
common_voice_tw_35292386.wav|Nnipa a Yehowa honhom kyerɛ wɔn kwan no
common_voice_tw_35292401.wav|Ɛno nti na wɔfrɛ no ɔsoro ahenni no.
common_voice_tw_35292402.wav|Bere a akwanhyia no sii no, na nnipa baanan na wɔwɔ kar no mu.
common_voice_tw_35292403.wav|So ɛno nyɛ me de?
common_voice_tw_35292405.wav|Mansusuw da sɛ m'abufuw no begye din saa.
common_voice_tw_35292406.wav|Nanso ɛnyɛ saa bere no na nkoasom fii ase koraa.
common_voice_tw_35292407.wav|Bere a na ɔwɔ sukuu no ɔkwatii ahosiesie a ɛtra so.
common_voice_tw_35292409.wav|Deɛn nti na ɛsɛ sɛ mebɔ wo paa?
common_voice_tw_35292410.wav|Ebia wubetumi anya nkate a ɛte saa ara wɔ w’ankasa wo ba ho.
common_voice_tw_35292411.wav|Kwabena siesiee biribiara.
common_voice_tw_35292412.wav|Midi sigya.
common_voice_tw_35292413.wav|Asamoah di torobɛnto no bɔɔ abɛn.
common_voice_tw_35292414.wav|Esiane ɔko no nti, wɔpam akwantufo no mu biako fii hɔ.
common_voice_tw_35292415.wav|wɔn dɔ
common_voice_tw_35292416.wav|Mehyehyɛ nkrataa abiɛsa.
common_voice_tw_35292417.wav|Nnwom ne Awudi
common_voice_tw_35292419.wav|Wubetumi aka kar?
common_voice_tw_35292421.wav|Ehia sɛ yɛn nyinaa tra ase kosi ase.
common_voice_tw_35292422.wav|Sɛ me yere hyɛ me abufuw a, dɛn na ɛsɛ sɛ meyɛ?
common_voice_tw_35292424.wav|Meda mo ase sɛ moannom sigaret.
common_voice_tw_35292425.wav|mɛyɛ deɛ metumi biara.
common_voice_tw_35292426.wav|Nnawɔtwe a edi yɛn ayeforohyia akyi no, yɛkɔsraa asafo bi wɔ Rapu Rapu Island.
common_voice_tw_35292427.wav|Nhwehwɛmufo foforo nnye saa nneɛma a wɔahu yi ntom.
common_voice_tw_35292428.wav|Ɛmfa nnuru a atwam.
common_voice_tw_35292429.wav|Efisɛ sɛ ‘ wuwu ’ a womma nkwa mu bio. — The New York Times Magazine.
common_voice_tw_35292430.wav|Ɛdeɛn na woreyɛ no nnansa yi?
common_voice_tw_35292431.wav|Ɛbɛsan ama yɛahu sɛnea anidaso a yɛwɔ sɛ yebenya akatua no bɛboa yɛn.
common_voice_tw_35292432.wav|Wususuw sɛ ɛboae?
common_voice_tw_35292433.wav|Na ehia sɛ wɔyɛ me oprehyɛn.
common_voice_tw_35292434.wav|Ahude Ho Anigye a Wɔkyerɛ
common_voice_tw_35292435.wav|• Sɛ́ wubegyae sigaretnom no yɛ ade biako.
common_voice_tw_35292436.wav|Wɔyɛ nnwontofo.
common_voice_tw_35292437.wav|Nkurɔfo kae sɛ wabɔ dam.
common_voice_tw_35292438.wav|Nhunahuna me.
common_voice_tw_35292439.wav|Mihuu safe a na merehwehwɛ no.
common_voice_tw_35292440.wav|Ɔkwan no so ankasa na menam yi? ’
common_voice_tw_35292441.wav|Biribiara nni hɔ a yɛayɛ nnɛ a yɛayɛ sɛnea yɛpɛ.
common_voice_tw_35292442.wav|Na bere a awufo asɔre no, wobeyi ntɛnkyea a atwam no nyinaa afi hɔ.
common_voice_tw_35292443.wav|Kae nea meka kyerɛɛ wo no.
common_voice_tw_35292444.wav|Wɔbɔ gu sɛ nea ne bere atwam, na ɛyɛ katee dodo.
common_voice_tw_35292445.wav|Nnipa ahyɛ adidibea hɔ ma bere nyinaa.
common_voice_tw_35292446.wav|Nanso Mia anwu.
common_voice_tw_35292447.wav|Meda so ara wom.
common_voice_tw_35292448.wav|Asamoa twitwaa pai no mu asinasin nsia.
common_voice_tw_35292449.wav|Me ne no traa dan biako mu.
common_voice_tw_35292455.wav|‘ So Biribi Atõtõ? ’
common_voice_tw_35292456.wav|Asamoah ye nyansa ni
common_voice_tw_35292457.wav|Dɛn nti na wudii atoro?
common_voice_tw_35292458.wav|Merenhu no bio da.
common_voice_tw_35292459.wav|Akonta yɛ no mmerɛwyɛ
common_voice_tw_35292460.wav|Ɛyɛ yɛn ankasa gyinaesi.
common_voice_tw_35292461.wav|Sɛ wuhia kyinii a, metumi ama wo bi.
common_voice_tw_35292462.wav|Nnipa pii a wɔn ani gye wɔn adwuma ho asua sɛ wɔbɛyɛ saa.
common_voice_tw_35292463.wav|Wɔn nyinaa ka bom boa wɔn ho wɔn ho.
common_voice_tw_35292464.wav|ɔne n’asuafo no hyiae na ɔkyerɛɛ wɔn sɛnea wɔnkae ne wu no.
common_voice_tw_35292469.wav|Mene onipa a ɔwɔ anigye sen biara wɔ asase so.
common_voice_tw_35292470.wav|Wɔabɔ Kwabena sobo sɛ okum Abena.
common_voice_tw_35292471.wav|Esiane sɛ na Asamoah ani gye aguare wɔ ɔtare no mu.
common_voice_tw_35292472.wav|So ɛsɛ sɛ meyɛ no bio?
common_voice_tw_35292481.wav|June, July, ne August, asram a ɔhyew wom sen biara wɔ afe no mu.
common_voice_tw_35292482.wav|Nanso sɛ afoforo nni hɔ a ɔyɛ onipa soronko — ɔhaw adwene!
common_voice_tw_35292483.wav|na sɛn na Yehowa de n’Asɛm no boa yɛn?
common_voice_tw_35292484.wav|Daakye a Anigye Wom Ma Okyinnsoromma a Ɛne Asase No
common_voice_tw_35292485.wav|Asoɔden a Adam yɛe no, dɛn na akɔfa aba?
common_voice_tw_35292490.wav|Wontumi nhu Roma da koro.
common_voice_tw_35292491.wav|Mia hwɛ ho nsɛm pii wɔ ha.
common_voice_tw_35292492.wav|Brent de, awofo a wosuro Nyankopɔn na ɛtetee no.
common_voice_tw_35292494.wav|Ɛsɛ sɛ yɛhwehwɛ Asamoa anadwo yi.
