client_id	path	sentence_id	sentence	sentence_domain	up_votes	down_votes	age	gender	accents	variant	locale	segment
0ca034bbace1356d7186070ff11775fdf3d35ca54078cc21ca9df2ba3b095919da7cb031e0eb45c378148ca29a4ae7e3f0dcb7c687f4b8c0f1b04057b70a6497	common_voice_tw_35280429.mp3	021de276a8e6e723e1091e292188f3a37aee5f27e88f1630d6db93455027675d	Ná m'ani nnye basabasayɛ ho.		4	0			Native 		tw	
0ca034bbace1356d7186070ff11775fdf3d35ca54078cc21ca9df2ba3b095919da7cb031e0eb45c378148ca29a4ae7e3f0dcb7c687f4b8c0f1b04057b70a6497	common_voice_tw_35280430.mp3	0270a90c75b90915f05933fdabb2ddd14a959597cd738e72797d8b2c0c693e85	Ɛnyɛ adammɔ.		4	0			Native 		tw	
0ca034bbace1356d7186070ff11775fdf3d35ca54078cc21ca9df2ba3b095919da7cb031e0eb45c378148ca29a4ae7e3f0dcb7c687f4b8c0f1b04057b70a6497	common_voice_tw_35280431.mp3	01d9300b127bf7a3db0571af544a89432c5fd44a1aa9e4a4fa421f193d86aab3	Wɔde Wɔn Dii Dwuma Wɔ Onyankopɔn Atirimpɔw Mmamu Mu		4	0			Native 		tw	
0ca034bbace1356d7186070ff11775fdf3d35ca54078cc21ca9df2ba3b095919da7cb031e0eb45c378148ca29a4ae7e3f0dcb7c687f4b8c0f1b04057b70a6497	common_voice_tw_35280432.mp3	0216f6bdbc126905dd31c8bfe1270821d15348051f01ef70c419d67477ba6e7e	Mmerante ani so yɛ hye sen mmeawa.		2	0			Native 		tw	
0ca034bbace1356d7186070ff11775fdf3d35ca54078cc21ca9df2ba3b095919da7cb031e0eb45c378148ca29a4ae7e3f0dcb7c687f4b8c0f1b04057b70a6497	common_voice_tw_35280433.mp3	01670ca3cb1e8d1727afce5b44aaef486eae4997eca5f5297379e71cf2dbca5f	Asiane bɛn na ɛwom?		2	0			Native 		tw	
0ca034bbace1356d7186070ff11775fdf3d35ca54078cc21ca9df2ba3b095919da7cb031e0eb45c378148ca29a4ae7e3f0dcb7c687f4b8c0f1b04057b70a6497	common_voice_tw_35280439.mp3	003ce8142dda08909849259741ea4ef4a782bc1b23973fe53aafb33750072c45	So eyi nyɛ ne kyinii?		4	0	thirties	male_masculine	Native 		tw	
0ca034bbace1356d7186070ff11775fdf3d35ca54078cc21ca9df2ba3b095919da7cb031e0eb45c378148ca29a4ae7e3f0dcb7c687f4b8c0f1b04057b70a6497	common_voice_tw_35280440.mp3	00c59296aa241120714957d742b2ba2abae7dbc168b21da97b3545ab4321baeb	Efi atɔ ɔpon no so.		4	0	thirties	male_masculine	Native 		tw	
0ca034bbace1356d7186070ff11775fdf3d35ca54078cc21ca9df2ba3b095919da7cb031e0eb45c378148ca29a4ae7e3f0dcb7c687f4b8c0f1b04057b70a6497	common_voice_tw_35280441.mp3	0221dda9aebd1e9aa23e5786271f0e1cd1b60450aa6efaedc6e870cb47c2fde8	Ɛyɛ ayaresabea yi na mekɔɔ hɔ bosome a etwaam no.		4	0	thirties	male_masculine	Native 		tw	
0ca034bbace1356d7186070ff11775fdf3d35ca54078cc21ca9df2ba3b095919da7cb031e0eb45c378148ca29a4ae7e3f0dcb7c687f4b8c0f1b04057b70a6497	common_voice_tw_35280443.mp3	015216bc1095eb77fee295d7d343f16292f6bf4ea6620636cef2684fd0863192	Chien nyɛ Amerikani.		4	0	thirties	male_masculine	Native 		tw	
0ca034bbace1356d7186070ff11775fdf3d35ca54078cc21ca9df2ba3b095919da7cb031e0eb45c378148ca29a4ae7e3f0dcb7c687f4b8c0f1b04057b70a6497	common_voice_tw_35280449.mp3	018911cf3a1dbf61832273691a95eb66869b7495d0ba3a75c61de875ce3b7d24	Ɔkaa sɛ: “ Sɛ motena m’asɛm mu a		4	0	thirties	male_masculine	Native 		tw	
0ca034bbace1356d7186070ff11775fdf3d35ca54078cc21ca9df2ba3b095919da7cb031e0eb45c378148ca29a4ae7e3f0dcb7c687f4b8c0f1b04057b70a6497	common_voice_tw_35280450.mp3	00bb3efa1adc864b512503f08daf9b34add899752d9508f5458123d5f38e898c	Tammy ka sɛ: Yɛbɛn yɛn ho ara yiye.		4	0	thirties	male_masculine	Native 		tw	
0ca034bbace1356d7186070ff11775fdf3d35ca54078cc21ca9df2ba3b095919da7cb031e0eb45c378148ca29a4ae7e3f0dcb7c687f4b8c0f1b04057b70a6497	common_voice_tw_35280451.mp3	020a6d0bc5e6ee87bc77fe610010be65f9c3a599b78229814e64d19543b236f3	Momma yɛnsan nkɔ yɛn akyi ansa na osu afi ase atɔ.		4	0	thirties	male_masculine	Native 		tw	
0ca034bbace1356d7186070ff11775fdf3d35ca54078cc21ca9df2ba3b095919da7cb031e0eb45c378148ca29a4ae7e3f0dcb7c687f4b8c0f1b04057b70a6497	common_voice_tw_35280452.mp3	00bb47726cc908d40fdfbabeea765c76185456a6a04bfe81224bce8e2c080b16	Sɛ awɔw a ano yɛ den ba a, Asamoah tia.		4	0	thirties	male_masculine	Native 		tw	
0ca034bbace1356d7186070ff11775fdf3d35ca54078cc21ca9df2ba3b095919da7cb031e0eb45c378148ca29a4ae7e3f0dcb7c687f4b8c0f1b04057b70a6497	common_voice_tw_35280453.mp3	013c6e207b9370b9c0a3c2ab3b49f0881d8949b9190443a136c48c320571518a	Wɔn amumɔyɛde no ka yɛn nyinaa, na ɛma nneɛma bo yɛ den.		4	0	thirties	male_masculine	Native 		tw	
0ca034bbace1356d7186070ff11775fdf3d35ca54078cc21ca9df2ba3b095919da7cb031e0eb45c378148ca29a4ae7e3f0dcb7c687f4b8c0f1b04057b70a6497	common_voice_tw_35280454.mp3	01d8d0225b57f020920d250b5a5da518329f152832c27b66d7f701569e01377d	Awofo a wɔwɔ abrabɔ pa ho nnyinasosɛm nso betumi de mmoa ama.		4	0	thirties	male_masculine	Native 		tw	
0ca034bbace1356d7186070ff11775fdf3d35ca54078cc21ca9df2ba3b095919da7cb031e0eb45c378148ca29a4ae7e3f0dcb7c687f4b8c0f1b04057b70a6497	common_voice_tw_35280455.mp3	009cf80c484223a07c61a60a7fc9103820ec02d658bf8cf3484a047a080837b7	na ɔyɛ ahomaso.		4	0	thirties	male_masculine	Native 		tw	
0ca034bbace1356d7186070ff11775fdf3d35ca54078cc21ca9df2ba3b095919da7cb031e0eb45c378148ca29a4ae7e3f0dcb7c687f4b8c0f1b04057b70a6497	common_voice_tw_35280456.mp3	014b9ee674f30f4a2bab107f4f9e164e0a499e2d461e13eaf3d2ca7a5d8f0492	Ɛsɛ sɛ woma meboa.		2	0	thirties	male_masculine	Native 		tw	
0ca034bbace1356d7186070ff11775fdf3d35ca54078cc21ca9df2ba3b095919da7cb031e0eb45c378148ca29a4ae7e3f0dcb7c687f4b8c0f1b04057b70a6497	common_voice_tw_35280457.mp3	0028396255d1802abd633cf98b00a8003845a7830a2fd638ede117a6c60a686f	Yɛnkɔhwɛ sini		2	0	thirties	male_masculine	Native 		tw	
0ca034bbace1356d7186070ff11775fdf3d35ca54078cc21ca9df2ba3b095919da7cb031e0eb45c378148ca29a4ae7e3f0dcb7c687f4b8c0f1b04057b70a6497	common_voice_tw_35280458.mp3	013e810ffbf1722f08406575dc1d35ce84b3fe95ddc8585cc33dc1d992d8ed6c	Nsakrae titiriw a wɔbɛyɛ wɔ sɛnea wosii no mu nkutoo na ɛbɛbɔ ho ban.		4	0	thirties	male_masculine	Native 		tw	
0ca034bbace1356d7186070ff11775fdf3d35ca54078cc21ca9df2ba3b095919da7cb031e0eb45c378148ca29a4ae7e3f0dcb7c687f4b8c0f1b04057b70a6497	common_voice_tw_35280459.mp3	014590ba414453999e13e2d455afe7e238f2db63e67d7eb4ecf369cd792020dc	Mede me ho hyɛɛ apontow no mu bi.		4	0	thirties	male_masculine	Native 		tw	
0ca034bbace1356d7186070ff11775fdf3d35ca54078cc21ca9df2ba3b095919da7cb031e0eb45c378148ca29a4ae7e3f0dcb7c687f4b8c0f1b04057b70a6497	common_voice_tw_35280460.mp3	01ac52971c5155d3529db78a5102ac594ded2d0b837e5fb03dda9e112fb9f10d	Mibuee mpomma no mu anadwo mũ no nyinaa.		4	0	thirties	male_masculine	Native 		tw	
0ca034bbace1356d7186070ff11775fdf3d35ca54078cc21ca9df2ba3b095919da7cb031e0eb45c378148ca29a4ae7e3f0dcb7c687f4b8c0f1b04057b70a6497	common_voice_tw_35280461.mp3	0172030074d4fed56224295b36fefd7e43462ace0a4c1418192a6d2c76e49ed0	Nnipakuw a Wodi Yiye a Wɔbɛhyehyɛ		4	0	thirties	male_masculine	Native 		tw	
0ca034bbace1356d7186070ff11775fdf3d35ca54078cc21ca9df2ba3b095919da7cb031e0eb45c378148ca29a4ae7e3f0dcb7c687f4b8c0f1b04057b70a6497	common_voice_tw_35280462.mp3	018efb196a4e8d496c6cb1eeeaf10f444ffa72c1f42d68ac75ce367a439b00f7	Aguade ho dawurubɔ foforo nso de ntimu na edi dwuma.		4	0	thirties	male_masculine	Native 		tw	
0ca034bbace1356d7186070ff11775fdf3d35ca54078cc21ca9df2ba3b095919da7cb031e0eb45c378148ca29a4ae7e3f0dcb7c687f4b8c0f1b04057b70a6497	common_voice_tw_35280463.mp3	0197ae2c64aa457d6d643b56bc3ca56992971bec89f18fcc6f655267931aacf1	Suban: Akwahosan Pa — Dɛn na Wubetumi Ayɛ Wɔ Ho?		2	0	thirties	male_masculine	Native 		tw	
0ca034bbace1356d7186070ff11775fdf3d35ca54078cc21ca9df2ba3b095919da7cb031e0eb45c378148ca29a4ae7e3f0dcb7c687f4b8c0f1b04057b70a6497	common_voice_tw_35280464.mp3	001a6788e3beb532206bf0b7274499113b834f458bcc8eba446545e945a0a9df	Asamoah di ntoma no siee ne sumii ase.		4	0	thirties	male_masculine	Native 		tw	
0ca034bbace1356d7186070ff11775fdf3d35ca54078cc21ca9df2ba3b095919da7cb031e0eb45c378148ca29a4ae7e3f0dcb7c687f4b8c0f1b04057b70a6497	common_voice_tw_35280466.mp3	00b7f280be84f105e289c4a886c0dfe55f3f38276b094dc69d58895a8a5506ce	Ɔkwan bɛn so na saa dua yi dua fii ase?		2	0	thirties	male_masculine	Native 		tw	
0ca034bbace1356d7186070ff11775fdf3d35ca54078cc21ca9df2ba3b095919da7cb031e0eb45c378148ca29a4ae7e3f0dcb7c687f4b8c0f1b04057b70a6497	common_voice_tw_35280468.mp3	019ad12473160c329b1ea0ae655c63c1afc783f1e349b7a10970332327029ee6	Mfaso a Enni Akodi So		4	0	thirties	male_masculine	Native 		tw	
0ca034bbace1356d7186070ff11775fdf3d35ca54078cc21ca9df2ba3b095919da7cb031e0eb45c378148ca29a4ae7e3f0dcb7c687f4b8c0f1b04057b70a6497	common_voice_tw_35280489.mp3	029fc202a8cfaac56416337ec305adf8d3a470b63b049d7eee3b99e3eb5a6243	So woka sɛ saa awerɛhosɛm yi ntumi nsi wɔ beae a wote da?		4	0	thirties	male_masculine	Native 		tw	
0ca034bbace1356d7186070ff11775fdf3d35ca54078cc21ca9df2ba3b095919da7cb031e0eb45c378148ca29a4ae7e3f0dcb7c687f4b8c0f1b04057b70a6497	common_voice_tw_35280491.mp3	01fa785951c4e6bc138a01fc4f31b9076714ddcc021ca8cbcf072156702c9bdf	Ɛno yɛ anigyesɛm ma me.		4	0	thirties	male_masculine	Native 		tw	
0ca034bbace1356d7186070ff11775fdf3d35ca54078cc21ca9df2ba3b095919da7cb031e0eb45c378148ca29a4ae7e3f0dcb7c687f4b8c0f1b04057b70a6497	common_voice_tw_35280492.mp3	01303f36342c0d16c94cadc6ac39ab4286e569ec63246c68367e56aac100ee7d	Ná wasi gyinae a etwa to.		4	0	thirties	male_masculine	Native 		tw	
0ca034bbace1356d7186070ff11775fdf3d35ca54078cc21ca9df2ba3b095919da7cb031e0eb45c378148ca29a4ae7e3f0dcb7c687f4b8c0f1b04057b70a6497	common_voice_tw_35280497.mp3	01fc893d32dbf01c851a5ef32ed97f7b5e3a348955f532420d13698b25704b1a	Ɛyɛɛ wo nwonwa?		2	0	thirties	male_masculine	Native 		tw	
0ca034bbace1356d7186070ff11775fdf3d35ca54078cc21ca9df2ba3b095919da7cb031e0eb45c378148ca29a4ae7e3f0dcb7c687f4b8c0f1b04057b70a6497	common_voice_tw_35280498.mp3	025cb9efb1b433cc7ba1e08fd7a807ec73e9ce49ff7a503441479135dba2e71a	Na Asamoa wɔ nsɛm bi a ɛyɛ anigye bi ka.		4	0	thirties	male_masculine	Native 		tw	
0ca034bbace1356d7186070ff11775fdf3d35ca54078cc21ca9df2ba3b095919da7cb031e0eb45c378148ca29a4ae7e3f0dcb7c687f4b8c0f1b04057b70a6497	common_voice_tw_35280499.mp3	02b1866eb796cfb623bacd70054e642991c596324c2787319bca80bd46bf77c4	Mmea ahotefo no reto dwom.		4	0	thirties	male_masculine	Native 		tw	
0ca034bbace1356d7186070ff11775fdf3d35ca54078cc21ca9df2ba3b095919da7cb031e0eb45c378148ca29a4ae7e3f0dcb7c687f4b8c0f1b04057b70a6497	common_voice_tw_35280500.mp3	02a57d30ea0d4bf4904dda46090a5171746437062f86ecafa041b2da1b63638b	Ná onnim nyansa.		4	0	thirties	male_masculine	Native 		tw	
0ca034bbace1356d7186070ff11775fdf3d35ca54078cc21ca9df2ba3b095919da7cb031e0eb45c378148ca29a4ae7e3f0dcb7c687f4b8c0f1b04057b70a6497	common_voice_tw_35280501.mp3	01da6130bef68bbc3956e0f3cd70ee00ab2082c8cd55a33406269aec3158346e	Fi hɔ ɔkyena.		4	0	thirties	male_masculine	Native 		tw	
0ca034bbace1356d7186070ff11775fdf3d35ca54078cc21ca9df2ba3b095919da7cb031e0eb45c378148ca29a4ae7e3f0dcb7c687f4b8c0f1b04057b70a6497	common_voice_tw_35280502.mp3	02723db5b7fdc590750e18a09cdec58a9d7c1d3182e86bf74d65763bd44bc330	Minim sɛ Asamoa nim.		4	0	thirties	male_masculine	Native 		tw	
0ca034bbace1356d7186070ff11775fdf3d35ca54078cc21ca9df2ba3b095919da7cb031e0eb45c378148ca29a4ae7e3f0dcb7c687f4b8c0f1b04057b70a6497	common_voice_tw_35280503.mp3	018e73cc26fc603e248674ea235d497302f4cd3997e0692dd09a99cc634e9915	Badwoa biako nyin na esian kɔ awotwaa no mu.		2	0	thirties	male_masculine	Native 		tw	
0ca034bbace1356d7186070ff11775fdf3d35ca54078cc21ca9df2ba3b095919da7cb031e0eb45c378148ca29a4ae7e3f0dcb7c687f4b8c0f1b04057b70a6497	common_voice_tw_35280504.mp3	0079a1e6085030fe17dc504dad26908fd16942bd67d1f4985c8928cacd5d19db	So wopɛ sɛ wutu kwan?		4	0	thirties	male_masculine	Native 		tw	
0ca034bbace1356d7186070ff11775fdf3d35ca54078cc21ca9df2ba3b095919da7cb031e0eb45c378148ca29a4ae7e3f0dcb7c687f4b8c0f1b04057b70a6497	common_voice_tw_35280505.mp3	026ef4169b3cbcd6c225a75b06cd9b8a3dfeaccc8865f70d17d0c3660278e17e	Wunim nyansa yiye.		2	0	thirties	male_masculine	Native 		tw	
0ca034bbace1356d7186070ff11775fdf3d35ca54078cc21ca9df2ba3b095919da7cb031e0eb45c378148ca29a4ae7e3f0dcb7c687f4b8c0f1b04057b70a6497	common_voice_tw_35280506.mp3	017dcfabfebf75ba39b91c10b69accfb08a7307d010b6cec98f1c3c976d9e6e5	Bere a na Koosa pɛ sɛ odidi wɔ mpa so no, ofii ase didii.		4	0	thirties	male_masculine	Native 		tw	
0ca034bbace1356d7186070ff11775fdf3d35ca54078cc21ca9df2ba3b095919da7cb031e0eb45c378148ca29a4ae7e3f0dcb7c687f4b8c0f1b04057b70a6497	common_voice_tw_35280507.mp3	00a2b2be8919f782273d62afa5ed6a02b329d3db3eea7b958fb22d41cca055d6	Ɛnsɛ sɛ woka adɛfɛdɛfɛsɛm, na mmom fa ayeyi a ɛfata ma.		2	0	thirties	male_masculine	Native 		tw	
0ca034bbace1356d7186070ff11775fdf3d35ca54078cc21ca9df2ba3b095919da7cb031e0eb45c378148ca29a4ae7e3f0dcb7c687f4b8c0f1b04057b70a6497	common_voice_tw_35280508.mp3	016351aafed17a10057f2dc6ff0f05cecafbf66de731c28d1272178db596e305	Afrika akyerɛma de nhyehyɛe foforo dii dwuma.		4	0	thirties	male_masculine	Native 		tw	
0ca034bbace1356d7186070ff11775fdf3d35ca54078cc21ca9df2ba3b095919da7cb031e0eb45c378148ca29a4ae7e3f0dcb7c687f4b8c0f1b04057b70a6497	common_voice_tw_35280509.mp3	006d72db1a99ac10572403d9b0e659f4f2c2e24007ab153118b7407bce299c6e	Sɛ nsu no mu yɛ den a, ɛkɔ soro.		4	0	thirties	male_masculine	Native 		tw	
0ca034bbace1356d7186070ff11775fdf3d35ca54078cc21ca9df2ba3b095919da7cb031e0eb45c378148ca29a4ae7e3f0dcb7c687f4b8c0f1b04057b70a6497	common_voice_tw_35280510.mp3	02403f5e9f429dcff1ab5b4d4d80186998e8adef710d70af08253ab137a708ea	Asamoa wɔ apre nnua abiesa wɔ n' adiwo.		2	0	thirties	male_masculine	Native 		tw	
0ca034bbace1356d7186070ff11775fdf3d35ca54078cc21ca9df2ba3b095919da7cb031e0eb45c378148ca29a4ae7e3f0dcb7c687f4b8c0f1b04057b70a6497	common_voice_tw_35280511.mp3	00d40f85f867ae964c6245126789d74a4221197a24e191bdf47afc912187f117	Mmere bi wɔ hɔ a ɛtwene ahorow maa abakɔsɛm mu nsɛm tebea sesae.		4	0	thirties	male_masculine	Native 		tw	
0ca034bbace1356d7186070ff11775fdf3d35ca54078cc21ca9df2ba3b095919da7cb031e0eb45c378148ca29a4ae7e3f0dcb7c687f4b8c0f1b04057b70a6497	common_voice_tw_35280521.mp3	006a3c483060e3adca3b312d5457dc86ed82d00d94de23462c7777cfe8e319e1	Yɛretopon anadwo yi.		4	0	thirties	male_masculine	Native 		tw	
0ca034bbace1356d7186070ff11775fdf3d35ca54078cc21ca9df2ba3b095919da7cb031e0eb45c378148ca29a4ae7e3f0dcb7c687f4b8c0f1b04057b70a6497	common_voice_tw_35280522.mp3	0298112fc91aefe303f9bc6090ade880fe1d8211ab67237528ecd6fd9f164f95	Wowɔ nnamfo pii?		4	0	thirties	male_masculine	Native 		tw	
0ca034bbace1356d7186070ff11775fdf3d35ca54078cc21ca9df2ba3b095919da7cb031e0eb45c378148ca29a4ae7e3f0dcb7c687f4b8c0f1b04057b70a6497	common_voice_tw_35280523.mp3	0022785ec5bc919d87fda8a8835cdadfc88fa964da000e76f82ffbe02e0ea380	Bio nso, asoɔden sɛe wo ne w’awofo ntam abusuabɔ.		4	0	thirties	male_masculine	Native 		tw	
0ca034bbace1356d7186070ff11775fdf3d35ca54078cc21ca9df2ba3b095919da7cb031e0eb45c378148ca29a4ae7e3f0dcb7c687f4b8c0f1b04057b70a6497	common_voice_tw_35280524.mp3	01353ad5cd81b6df05fe30c527e6fa7dfbae980d9abca1ecbe0c0a24b11e5527	ɔno nso hui		4	0	thirties	male_masculine	Native 		tw	
0ca034bbace1356d7186070ff11775fdf3d35ca54078cc21ca9df2ba3b095919da7cb031e0eb45c378148ca29a4ae7e3f0dcb7c687f4b8c0f1b04057b70a6497	common_voice_tw_35280525.mp3	0251b97cdcb70a6c81652f4ee5aa8191638df57a852eb76859a9f54b4a5254ae	Miguan puee kɔpɛɛ kai		4	0	thirties	male_masculine	Native 		tw	
0ca034bbace1356d7186070ff11775fdf3d35ca54078cc21ca9df2ba3b095919da7cb031e0eb45c378148ca29a4ae7e3f0dcb7c687f4b8c0f1b04057b70a6497	common_voice_tw_35280531.mp3	0173ac1e4d6259e35042a616c4d15bcd541c108ceebc5eab5643bc1580309221	Ɛyɛ bere a obi adi bɛyɛ mfe anan kosi anan akyi.		4	0	thirties	male_masculine	Native 		tw	
0ca034bbace1356d7186070ff11775fdf3d35ca54078cc21ca9df2ba3b095919da7cb031e0eb45c378148ca29a4ae7e3f0dcb7c687f4b8c0f1b04057b70a6497	common_voice_tw_35280532.mp3	01af7afeba1673cef17e8cd68157e32abe7a592cb8feb8d24da899fce840e666	Enti yɛbɛyɛɛ ɔwofo biako abusua.		4	0	thirties	male_masculine	Native 		tw	
0ca034bbace1356d7186070ff11775fdf3d35ca54078cc21ca9df2ba3b095919da7cb031e0eb45c378148ca29a4ae7e3f0dcb7c687f4b8c0f1b04057b70a6497	common_voice_tw_35280533.mp3	007f1ebb8d9e1d69f21c82a96b4273857fa917fc8a1e033cd7a62eb2ecb74c2a	Biribiara a ohu no, sɛ ɔhwɛ no yiye a, obetumi ayɛ....		2	0	thirties	male_masculine	Native 		tw	
0ca034bbace1356d7186070ff11775fdf3d35ca54078cc21ca9df2ba3b095919da7cb031e0eb45c378148ca29a4ae7e3f0dcb7c687f4b8c0f1b04057b70a6497	common_voice_tw_35280534.mp3	021d58f451cf58463e74e4e84c443d471bbb30603648aedb235a44e56727dcc8	Ɔyaresafoɔ no nhwehwɛmu no pansam n’abusuakuo daeso		4	0	thirties	male_masculine	Native 		tw	
0ca034bbace1356d7186070ff11775fdf3d35ca54078cc21ca9df2ba3b095919da7cb031e0eb45c378148ca29a4ae7e3f0dcb7c687f4b8c0f1b04057b70a6497	common_voice_tw_35280535.mp3	01491ecc8dba5f30677c9223750df8d4bfc31af543cf5b28fc473905ce584f5a	Migye di sɛ Onyankopɔn wɔ hɔ.		4	0	thirties	male_masculine	Native 		tw	
0ca034bbace1356d7186070ff11775fdf3d35ca54078cc21ca9df2ba3b095919da7cb031e0eb45c378148ca29a4ae7e3f0dcb7c687f4b8c0f1b04057b70a6497	common_voice_tw_35280540.mp3	016367b1a74232350bd7c14c3937ba64ac876e26bec85c2a48f128faba3b7a51	Wobɔ mmɔden sɛ wobɛma agyina nanso ɛnyɛ yiye.		4	0	thirties	male_masculine	Native 		tw	
0ca034bbace1356d7186070ff11775fdf3d35ca54078cc21ca9df2ba3b095919da7cb031e0eb45c378148ca29a4ae7e3f0dcb7c687f4b8c0f1b04057b70a6497	common_voice_tw_35280541.mp3	01e119b6d061280b0697b146d31c641587aa1a237e31acc13c0b2804dfd3a2b7	Eyi nyɛ nea asɛm biara nni ho.		2	0	thirties	male_masculine	Native 		tw	
0ca034bbace1356d7186070ff11775fdf3d35ca54078cc21ca9df2ba3b095919da7cb031e0eb45c378148ca29a4ae7e3f0dcb7c687f4b8c0f1b04057b70a6497	common_voice_tw_35280542.mp3	01e75b538b2de206a15902ba8902aeeeaff3b90a5645723ceeb2b91594e37da2	Dɛn na yɛfrɛ no saa atosode yi wɔ Engiresi kasa mu?		4	0	thirties	male_masculine	Native 		tw	
0ca034bbace1356d7186070ff11775fdf3d35ca54078cc21ca9df2ba3b095919da7cb031e0eb45c378148ca29a4ae7e3f0dcb7c687f4b8c0f1b04057b70a6497	common_voice_tw_35280543.mp3	021a5c42746b7566ea5b85e5b24a848d7f85083456a0671cd8911b44d5f77f51	Mpere wo ho nsi gyinae wɔ nea ɛsɛ sɛ woyɛ ho.		2	0	thirties	male_masculine	Native 		tw	
0ca034bbace1356d7186070ff11775fdf3d35ca54078cc21ca9df2ba3b095919da7cb031e0eb45c378148ca29a4ae7e3f0dcb7c687f4b8c0f1b04057b70a6497	common_voice_tw_35280544.mp3	01ccfa591bf098cdeaa3b469e8ad55287833f2ff97a330cda1a0149a6dfc1b5b	• Ɔkasa tia ne ho		4	0	thirties	male_masculine	Native 		tw	
0ca034bbace1356d7186070ff11775fdf3d35ca54078cc21ca9df2ba3b095919da7cb031e0eb45c378148ca29a4ae7e3f0dcb7c687f4b8c0f1b04057b70a6497	common_voice_tw_35280546.mp3	011ab8ad842ac8dce1122332f3d925e20f74cd1ba28c52ac8f7ebde768293f9c	Wɔtɔn Asetra a Enni Awiei		4	0	thirties	male_masculine	Native 		tw	
0ca034bbace1356d7186070ff11775fdf3d35ca54078cc21ca9df2ba3b095919da7cb031e0eb45c378148ca29a4ae7e3f0dcb7c687f4b8c0f1b04057b70a6497	common_voice_tw_35280547.mp3	02987b920fe188c42d87dca1f13b1b3ae45b03cd4feafac9b5f3a90f475baf25	Mehwɛ kwan sɛ ɔbɛba bere biara.		2	0	thirties	male_masculine	Native 		tw	
0ca034bbace1356d7186070ff11775fdf3d35ca54078cc21ca9df2ba3b095919da7cb031e0eb45c378148ca29a4ae7e3f0dcb7c687f4b8c0f1b04057b70a6497	common_voice_tw_35280548.mp3	00adfda32b6a98dfda4983500acefe053cdf2ed6bdaebc49cd9078e1154a44e5	German kasa ho nimdeɛ a mewɔ no sua.		4	0	thirties	male_masculine	Native 		tw	
0ca034bbace1356d7186070ff11775fdf3d35ca54078cc21ca9df2ba3b095919da7cb031e0eb45c378148ca29a4ae7e3f0dcb7c687f4b8c0f1b04057b70a6497	common_voice_tw_35280549.mp3	00ad9e45af23cbc3bb48b3bc6f0a456c48cb73504373b828ce49b0573891566a	Mfe akron a atwam ni no, nufu mu kokoram kum me maame.		4	0	thirties	male_masculine	Native 		tw	
0ca034bbace1356d7186070ff11775fdf3d35ca54078cc21ca9df2ba3b095919da7cb031e0eb45c378148ca29a4ae7e3f0dcb7c687f4b8c0f1b04057b70a6497	common_voice_tw_35280550.mp3	02d678acff50e7af3bbf4ff4c243dbf862fcce52ce2ab87b90e029259b99681c	So w’ani sɔ nnwom akyɛde a yɛn Bɔfo no de ama yɛn no?		2	0	thirties	male_masculine	Native 		tw	
0ca034bbace1356d7186070ff11775fdf3d35ca54078cc21ca9df2ba3b095919da7cb031e0eb45c378148ca29a4ae7e3f0dcb7c687f4b8c0f1b04057b70a6497	common_voice_tw_35280551.mp3	02bd1e1981b2de3ff4d697e23259c3de9a219910ef591143fedbb105fb70ede0	So wopɛ sukuu?		2	0	thirties	male_masculine	Native 		tw	
0ca034bbace1356d7186070ff11775fdf3d35ca54078cc21ca9df2ba3b095919da7cb031e0eb45c378148ca29a4ae7e3f0dcb7c687f4b8c0f1b04057b70a6497	common_voice_tw_35280552.mp3	01acdb7c5c2de092edd4e1f9b006e535a0c4ba3cedeb2a785ae97725a458e886	Tema — Nkɔmmɔbɔ Fapem		2	0	thirties	male_masculine	Native 		tw	
0ca034bbace1356d7186070ff11775fdf3d35ca54078cc21ca9df2ba3b095919da7cb031e0eb45c378148ca29a4ae7e3f0dcb7c687f4b8c0f1b04057b70a6497	common_voice_tw_35280553.mp3	028c76077e6f7cfebfac24f2ac79b959203fe8485bf8fe39e60408f1beb9db00	Mennye nni sɛ nsamanfo wɔ hɔ.		2	0	thirties	male_masculine	Native 		tw	
0ca034bbace1356d7186070ff11775fdf3d35ca54078cc21ca9df2ba3b095919da7cb031e0eb45c378148ca29a4ae7e3f0dcb7c687f4b8c0f1b04057b70a6497	common_voice_tw_35280554.mp3	0071234716548459c0d3b4c9a6dd5880afcd9aac922abdc48d10e37eef8c724f	Ofie no fã ha tɔ anɔpa.		4	0	thirties	male_masculine	Native 		tw	
0ca034bbace1356d7186070ff11775fdf3d35ca54078cc21ca9df2ba3b095919da7cb031e0eb45c378148ca29a4ae7e3f0dcb7c687f4b8c0f1b04057b70a6497	common_voice_tw_35280555.mp3	01656657ca8fb369d5665c7c684e4032a77935a6ec10ed6658b8af7d66344c31	ne werɛ remfi da!		4	0	thirties	male_masculine	Native 		tw	
0ca034bbace1356d7186070ff11775fdf3d35ca54078cc21ca9df2ba3b095919da7cb031e0eb45c378148ca29a4ae7e3f0dcb7c687f4b8c0f1b04057b70a6497	common_voice_tw_35280556.mp3	02be807e1010b61d687f50767a968c255b34573b76d30695986eb0284a3db7fd	So ɛyɛ me de?		4	0	thirties	male_masculine	Native 		tw	
0ca034bbace1356d7186070ff11775fdf3d35ca54078cc21ca9df2ba3b095919da7cb031e0eb45c378148ca29a4ae7e3f0dcb7c687f4b8c0f1b04057b70a6497	common_voice_tw_35280557.mp3	0177ffa1b2fa432f13eb1272281ebb4e7fca06177b3cfa15fac0e77a795b5a33	Akwankyerɛ Ahorow Ma Wimhyɛn Mu Akwantufo		4	0	thirties	male_masculine	Native 		tw	
0ca034bbace1356d7186070ff11775fdf3d35ca54078cc21ca9df2ba3b095919da7cb031e0eb45c378148ca29a4ae7e3f0dcb7c687f4b8c0f1b04057b70a6497	common_voice_tw_35280558.mp3	0141c9fa9f7a2e035422dd5a9dbad4bf3738ffcf819096dd0d471bdb9df71c25	Yehui sɛ nkurɔfo de mmirika reguan, na na wɔretotow atuo.		4	0	thirties	male_masculine	Native 		tw	
0ca034bbace1356d7186070ff11775fdf3d35ca54078cc21ca9df2ba3b095919da7cb031e0eb45c378148ca29a4ae7e3f0dcb7c687f4b8c0f1b04057b70a6497	common_voice_tw_35280559.mp3	00b01b2e0bd2da427f7ac70f92f0a2a5c2f38887716005022e74f54b39329ae3	Misusuw sɛ Television hwɛ yɛ bere sɛe.		4	0	thirties	male_masculine	Native 		tw	
0ca034bbace1356d7186070ff11775fdf3d35ca54078cc21ca9df2ba3b095919da7cb031e0eb45c378148ca29a4ae7e3f0dcb7c687f4b8c0f1b04057b70a6497	common_voice_tw_35280560.mp3	00631a7e43dfb8d0ff2a097ad9c79f5f765c0e4296f28d2304b1c5e8fc990230	Mɛtumi abɛsra wo?		4	0	thirties	male_masculine	Native 		tw	
0ca034bbace1356d7186070ff11775fdf3d35ca54078cc21ca9df2ba3b095919da7cb031e0eb45c378148ca29a4ae7e3f0dcb7c687f4b8c0f1b04057b70a6497	common_voice_tw_35280561.mp3	008ce98ea6b78d3815ed8125a7e9825f9550353ad493b95270105412c1ca052a	Wuntumi mfa akwanhyia no ho asodi nto no so.		4	0	thirties	male_masculine	Native 		tw	
0ca034bbace1356d7186070ff11775fdf3d35ca54078cc21ca9df2ba3b095919da7cb031e0eb45c378148ca29a4ae7e3f0dcb7c687f4b8c0f1b04057b70a6497	common_voice_tw_35280562.mp3	02124984cc3c433199734d4c77bb66d404c8f441830b91597b671982e63ca7e9	Ɔwa na ne ho yɛ den.		2	0	thirties	male_masculine	Native 		tw	
0ca034bbace1356d7186070ff11775fdf3d35ca54078cc21ca9df2ba3b095919da7cb031e0eb45c378148ca29a4ae7e3f0dcb7c687f4b8c0f1b04057b70a6497	common_voice_tw_35280563.mp3	0226444248517518331b2f4ae31d3ab5ac79faeb41f2fb8c23c0ef0e0864e708	Nanso, Onyankopɔn ayɛ nhyehyɛe bi a ɔde begye Adam asefo anaa?		4	0	thirties	male_masculine	Native 		tw	
0ca034bbace1356d7186070ff11775fdf3d35ca54078cc21ca9df2ba3b095919da7cb031e0eb45c378148ca29a4ae7e3f0dcb7c687f4b8c0f1b04057b70a6497	common_voice_tw_35280564.mp3	01bbcf6bb4e946cae1fb73d9c21da4f1b68e777b2b8dcd091da78d99b76c2676	Sɛ osua ade yiye a, obetumi atwa sɔhwɛ no.		4	0	thirties	male_masculine	Native 		tw	
0ca034bbace1356d7186070ff11775fdf3d35ca54078cc21ca9df2ba3b095919da7cb031e0eb45c378148ca29a4ae7e3f0dcb7c687f4b8c0f1b04057b70a6497	common_voice_tw_35280565.mp3	000eb4817a8734961217e9e9602179078880d4b047889019480f91b7fc50afe3	ɛkaa me ma misui.		4	0	thirties	male_masculine	Native 		tw	
0ca034bbace1356d7186070ff11775fdf3d35ca54078cc21ca9df2ba3b095919da7cb031e0eb45c378148ca29a4ae7e3f0dcb7c687f4b8c0f1b04057b70a6497	common_voice_tw_35280566.mp3	00dd096850ab45bf90a43aec1b0c2f5178e8fdc257410071634fc1d4e75db3d9	Sɛ́ Asamoah no, onnim sɛ meyɛ Canadani.		2	0	thirties	male_masculine	Native 		tw	
0ca034bbace1356d7186070ff11775fdf3d35ca54078cc21ca9df2ba3b095919da7cb031e0eb45c378148ca29a4ae7e3f0dcb7c687f4b8c0f1b04057b70a6497	common_voice_tw_35280567.mp3	00b0ec8afffd90e197738a900b058752d9fa69801f257cd1578d5c0a0998f150	Wɔ wiase nyinaa no mmeae a ɛhɔ yɛ nwini no afi ase renan.		2	0	thirties	male_masculine	Native 		tw	
0ca034bbace1356d7186070ff11775fdf3d35ca54078cc21ca9df2ba3b095919da7cb031e0eb45c378148ca29a4ae7e3f0dcb7c687f4b8c0f1b04057b70a6497	common_voice_tw_35280568.mp3	01927e9510a7c089e27931429015530a056cd97b0bfb9e503572c56875663dcd	Mituu mmirika kɔɔ ɔforote bi mu.		4	0	thirties	male_masculine	Native 		tw	
0ca034bbace1356d7186070ff11775fdf3d35ca54078cc21ca9df2ba3b095919da7cb031e0eb45c378148ca29a4ae7e3f0dcb7c687f4b8c0f1b04057b70a6497	common_voice_tw_35280569.mp3	0102eb81ee99e11b0b6957b4c51a5a006f48d60906d7954ac941ef13f92b3127	Ɛyɛ den sɛ wobɛsɔre a wonnom kɔfe a ano yɛ den.		2	0	thirties	male_masculine	Native 		tw	
0ca034bbace1356d7186070ff11775fdf3d35ca54078cc21ca9df2ba3b095919da7cb031e0eb45c378148ca29a4ae7e3f0dcb7c687f4b8c0f1b04057b70a6497	common_voice_tw_35280575.mp3	008068f7d5c7dcd9bd47cd48cad7a39868c788d48433f75fb0283ef5c6773f60	Esiane sɛ ɔyɛ ohiani nti, ontumi ntɔ.		2	0	thirties	male_masculine	Native 		tw	
0ca034bbace1356d7186070ff11775fdf3d35ca54078cc21ca9df2ba3b095919da7cb031e0eb45c378148ca29a4ae7e3f0dcb7c687f4b8c0f1b04057b70a6497	common_voice_tw_35280576.mp3	020ba68028dc39aeea4b961639caab13b6c059705977128b357da2eec456582d	Nwomasua na ayɛ me sɛnea mete nnɛ yi		2	0	thirties	male_masculine	Native 		tw	
0ca034bbace1356d7186070ff11775fdf3d35ca54078cc21ca9df2ba3b095919da7cb031e0eb45c378148ca29a4ae7e3f0dcb7c687f4b8c0f1b04057b70a6497	common_voice_tw_35280577.mp3	02943050d408752b794d00ec55074ed8636c373d9e625207e46d252c3c676ab8	Obu a Amerikafo Ankasa wɔ ma mmoa no ada adi wɔ akwan pii so.		2	0	thirties	male_masculine	Native 		tw	
0ca034bbace1356d7186070ff11775fdf3d35ca54078cc21ca9df2ba3b095919da7cb031e0eb45c378148ca29a4ae7e3f0dcb7c687f4b8c0f1b04057b70a6497	common_voice_tw_35280578.mp3	0040c95096b7f851915cf5072980cb1f8e997106e9ce3c66b0db41517130d3d2	Esiane akwanhyia bi nti, wɔde yɛn too afiase nnɔnhwerew abien.		4	0	thirties	male_masculine	Native 		tw	
0ca034bbace1356d7186070ff11775fdf3d35ca54078cc21ca9df2ba3b095919da7cb031e0eb45c378148ca29a4ae7e3f0dcb7c687f4b8c0f1b04057b70a6497	common_voice_tw_35280579.mp3	01b1a023bbd7699491edfdd96374969f4d84e1fa395c3b340ea694a98f4a912f	Na mewɔ obu a emu dɔ ma Bible no bere nyinaa.		2	0	thirties	male_masculine	Native 		tw	
0ca034bbace1356d7186070ff11775fdf3d35ca54078cc21ca9df2ba3b095919da7cb031e0eb45c378148ca29a4ae7e3f0dcb7c687f4b8c0f1b04057b70a6497	common_voice_tw_35280590.mp3	008a388b648e9deb6f0738ccf8ca7d51a90de46ab4dea1b44b6bfc4dcd2db0b1	Ɔkwan bɛn so na acupuncture dwudwo ɛyaw ano anaasɛ eyi fi hɔ?		2	0	thirties	male_masculine	Native 		tw	
0ca034bbace1356d7186070ff11775fdf3d35ca54078cc21ca9df2ba3b095919da7cb031e0eb45c378148ca29a4ae7e3f0dcb7c687f4b8c0f1b04057b70a6497	common_voice_tw_35280591.mp3	01df3b8afe996d3f2b4f2a59d2475530901058f3c4747b9bb24c0a14a52456ec	ababaa no kɔɔ so kaa sɛ minnye		2	0	thirties	male_masculine	Native 		tw	
0ca034bbace1356d7186070ff11775fdf3d35ca54078cc21ca9df2ba3b095919da7cb031e0eb45c378148ca29a4ae7e3f0dcb7c687f4b8c0f1b04057b70a6497	common_voice_tw_35280592.mp3	0049bbdc393a7815c8bcd5d5ffe6463b6556a454fb24c4a17b39eff03479a76f	Eyi ne ade denden a mpɛn pii no yɛfrɛ no bɔwerɛw no.		4	0	thirties	male_masculine	Native 		tw	
0ca034bbace1356d7186070ff11775fdf3d35ca54078cc21ca9df2ba3b095919da7cb031e0eb45c378148ca29a4ae7e3f0dcb7c687f4b8c0f1b04057b70a6497	common_voice_tw_35280593.mp3	025c946eaa1ba101fde9b7437761408a22dccef138dd47ba86a0e3156f5c04dd	Nneyɛe a ahosodi nnim a ɛte saa no betumi ayɛ adepa?		4	0	thirties	male_masculine	Native 		tw	
0ca034bbace1356d7186070ff11775fdf3d35ca54078cc21ca9df2ba3b095919da7cb031e0eb45c378148ca29a4ae7e3f0dcb7c687f4b8c0f1b04057b70a6497	common_voice_tw_35280594.mp3	01c5f264959af9d3ffcf490b560ab57bf194007f1c582303bfeac0681a798f5c	Me ne no gyee nhyehyɛe foforow no ho akyinnye.		4	0	thirties	male_masculine	Native 		tw	
0ca034bbace1356d7186070ff11775fdf3d35ca54078cc21ca9df2ba3b095919da7cb031e0eb45c378148ca29a4ae7e3f0dcb7c687f4b8c0f1b04057b70a6497	common_voice_tw_35280600.mp3	00080af7f9180aa75f3de21214ef44a248614dc7026e8f9b3c7a89ec519ca8bc	Dwene wo ho		4	0	thirties	male_masculine	Native 		tw	
0ca034bbace1356d7186070ff11775fdf3d35ca54078cc21ca9df2ba3b095919da7cb031e0eb45c378148ca29a4ae7e3f0dcb7c687f4b8c0f1b04057b70a6497	common_voice_tw_35280601.mp3	002af223d2b65a0bd0b9db9fc57c7ff78f0d97dd783a22b5d8db636423613e82	Ɛba saa a ɔyerenom bi hwehwɛ mmoa fi baabi foforo.		4	2	thirties	male_masculine	Native 		tw	
0ca034bbace1356d7186070ff11775fdf3d35ca54078cc21ca9df2ba3b095919da7cb031e0eb45c378148ca29a4ae7e3f0dcb7c687f4b8c0f1b04057b70a6497	common_voice_tw_35280607.mp3	02ab666a6ade59278be916571a70a3f1609681bbff357c25a80a901ca34671f2	Hwɛ mfomso ara a odii!		2	0	thirties	male_masculine	Native 		tw	
0ca034bbace1356d7186070ff11775fdf3d35ca54078cc21ca9df2ba3b095919da7cb031e0eb45c378148ca29a4ae7e3f0dcb7c687f4b8c0f1b04057b70a6497	common_voice_tw_35280608.mp3	0288006fc62045881961f60a42c4ee27a92e32dacae54d7d83baf3dbab8395c2	Ná mempɛ n'asɛm, efisɛ na mempɛ n'asɛm.		4	0	thirties	male_masculine	Native 		tw	
0ca034bbace1356d7186070ff11775fdf3d35ca54078cc21ca9df2ba3b095919da7cb031e0eb45c378148ca29a4ae7e3f0dcb7c687f4b8c0f1b04057b70a6497	common_voice_tw_35280629.mp3	0213d4439586d30e9d976bdcf554e3c547f143208e074349f403762f7cd31fb5	Me safoa ni		4	0	thirties	male_masculine	Native 		tw	
0ca034bbace1356d7186070ff11775fdf3d35ca54078cc21ca9df2ba3b095919da7cb031e0eb45c378148ca29a4ae7e3f0dcb7c687f4b8c0f1b04057b70a6497	common_voice_tw_35280630.mp3	01dc6a6b028ffeea0ce1019aa0ae9b7d3bc4584544a7bfeb8b914fe3ab4f4820	Asamoa anya me mmɔborɔhunu.		2	0	thirties	male_masculine	Native 		tw	
0ca034bbace1356d7186070ff11775fdf3d35ca54078cc21ca9df2ba3b095919da7cb031e0eb45c378148ca29a4ae7e3f0dcb7c687f4b8c0f1b04057b70a6497	common_voice_tw_35280631.mp3	022fba2bed6dc4b5b85b119c956960044017d4139c536cc2565ef4d14e74b86a	Ɛha yi de na wɔwɔ ahotoso sɛ wobehu sintɔ bi.		4	0	thirties	male_masculine	Native 		tw	
0ca034bbace1356d7186070ff11775fdf3d35ca54078cc21ca9df2ba3b095919da7cb031e0eb45c378148ca29a4ae7e3f0dcb7c687f4b8c0f1b04057b70a6497	common_voice_tw_35280632.mp3	02bca443f57241e75de355966afe7579b05d1b6d1983dc51a33ed5f0e96efd30	Dɛn nti na ɛsɛ sɛ woma kar a ɛreba no kwan?		4	0	thirties	male_masculine	Native 		tw	
0ca034bbace1356d7186070ff11775fdf3d35ca54078cc21ca9df2ba3b095919da7cb031e0eb45c378148ca29a4ae7e3f0dcb7c687f4b8c0f1b04057b70a6497	common_voice_tw_35280633.mp3	00f5791396ed741feb5ab6b95ac5cbd12591aa5954191044cf4a833e82f42d51	Kwaku ka kar tuntum bi, ɛnte saa?		4	0	thirties	male_masculine	Native 		tw	
0ca034bbace1356d7186070ff11775fdf3d35ca54078cc21ca9df2ba3b095919da7cb031e0eb45c378148ca29a4ae7e3f0dcb7c687f4b8c0f1b04057b70a6497	common_voice_tw_35292332.mp3	01c6b6cb9306d8b724b26f5a1845e62f6aeca7f7c1eb8eb67e76ec0c5b11b3ff	M'adamfo pa ma me afotu pa bere nyinaa.		4	0	thirties	male_masculine	Native 		tw	
0ca034bbace1356d7186070ff11775fdf3d35ca54078cc21ca9df2ba3b095919da7cb031e0eb45c378148ca29a4ae7e3f0dcb7c687f4b8c0f1b04057b70a6497	common_voice_tw_35292333.mp3	012befe5519b79ef157ea7fcc682f6c6b5565f863da1a9f0741efcb20d4e17fb	Sɛ woma me kwan a, metumi ayɛ saa.		4	0	thirties	male_masculine	Native 		tw	
0ca034bbace1356d7186070ff11775fdf3d35ca54078cc21ca9df2ba3b095919da7cb031e0eb45c378148ca29a4ae7e3f0dcb7c687f4b8c0f1b04057b70a6497	common_voice_tw_35292334.mp3	003d2a4e6dac871633571bf8e15a552706027f5f66b30e3bbaeb4d94158e8b33	Dɛn nti na nsekudi abu so saa, nanso dɛn na ɛtaa fi mu ba?		4	0	thirties	male_masculine	Native 		tw	
0ca034bbace1356d7186070ff11775fdf3d35ca54078cc21ca9df2ba3b095919da7cb031e0eb45c378148ca29a4ae7e3f0dcb7c687f4b8c0f1b04057b70a6497	common_voice_tw_35292335.mp3	028eecf352f12c61b1b891eb4913961dfd4cf2f2d6d0658240a5f9691f9db9c4	Sɛ saa a, so wobrɛ wo ho ase hyɛ wɔn ase?		4	0	thirties	male_masculine	Native 		tw	
0ca034bbace1356d7186070ff11775fdf3d35ca54078cc21ca9df2ba3b095919da7cb031e0eb45c378148ca29a4ae7e3f0dcb7c687f4b8c0f1b04057b70a6497	common_voice_tw_35292336.mp3	017d0aebf3edba02966d4589d173f62a9d6f43ffd517517ea1c0876c5c6ea58e	Eyi ne ɔbarima a polisifo susuw sɛ ɔno na odii dwuam no		2	0	thirties	male_masculine	Native 		tw	
0ca034bbace1356d7186070ff11775fdf3d35ca54078cc21ca9df2ba3b095919da7cb031e0eb45c378148ca29a4ae7e3f0dcb7c687f4b8c0f1b04057b70a6497	common_voice_tw_35292342.mp3	02333a2afe413efbc6315e37751d5a48fc7a55e25865356e77f4a46418a51f3f	Nnipa kakraa bi pɛ na wɔba nhyiam no.		4	0	thirties	male_masculine	Native 		tw	
0ca034bbace1356d7186070ff11775fdf3d35ca54078cc21ca9df2ba3b095919da7cb031e0eb45c378148ca29a4ae7e3f0dcb7c687f4b8c0f1b04057b70a6497	common_voice_tw_35292343.mp3	02ab004b1624c27dc9de116761ede4f3e12e779239d57e182280a44899e66337	Asamoa paw sɛ ɔne no bɛtra mmom sen sɛ ɔne ne maame bɛtra.		4	0	thirties	male_masculine	Native 		tw	
0ca034bbace1356d7186070ff11775fdf3d35ca54078cc21ca9df2ba3b095919da7cb031e0eb45c378148ca29a4ae7e3f0dcb7c687f4b8c0f1b04057b70a6497	common_voice_tw_35292346.mp3	02b7eba1a7423942cc176fd57febc85171cc18698358b137f359a0aa2b50b5ec	Bible no nhyɛ yɛn nkuran sɛ yenni nnipa akyi.		4	0	thirties	male_masculine	Native 		tw	
0ca034bbace1356d7186070ff11775fdf3d35ca54078cc21ca9df2ba3b095919da7cb031e0eb45c378148ca29a4ae7e3f0dcb7c687f4b8c0f1b04057b70a6497	common_voice_tw_35292352.mp3	0315016ba92cb092f007772c0b55779914c4ba443b43f7dcfd08e9c5ddc3f240	Ɛsɛ sɛ saa mmere yi yɛ anigye ne nea ɛhyɛ nkuran.		4	0	thirties	male_masculine	Native 		tw	
0ca034bbace1356d7186070ff11775fdf3d35ca54078cc21ca9df2ba3b095919da7cb031e0eb45c378148ca29a4ae7e3f0dcb7c687f4b8c0f1b04057b70a6497	common_voice_tw_35292354.mp3	00f17e1e6d4b17d0cc94c7f000d66dc164add95f72df04ec02d02a7001af9868	na ɛbɛka Samuel sɛn?		4	0	thirties	male_masculine	Native 		tw	
0ca034bbace1356d7186070ff11775fdf3d35ca54078cc21ca9df2ba3b095919da7cb031e0eb45c378148ca29a4ae7e3f0dcb7c687f4b8c0f1b04057b70a6497	common_voice_tw_35292355.mp3	00ce02bfd8374e152095846e02ef3ae9c7f50d8e510869ae8d3981fb5d16eb9e	So ɛyɛ nokware sɛ wotow kyakya?		4	2	thirties	male_masculine	Native 		tw	
0ca034bbace1356d7186070ff11775fdf3d35ca54078cc21ca9df2ba3b095919da7cb031e0eb45c378148ca29a4ae7e3f0dcb7c687f4b8c0f1b04057b70a6497	common_voice_tw_35292356.mp3	017c7b805617ba965427e69ea0deffe2a12d3d15123fb017defd9becd065b86a	Awerɛhosɛm bɛn ara ni!		4	0	thirties	male_masculine	Native 		tw	
0ca034bbace1356d7186070ff11775fdf3d35ca54078cc21ca9df2ba3b095919da7cb031e0eb45c378148ca29a4ae7e3f0dcb7c687f4b8c0f1b04057b70a6497	common_voice_tw_35292362.mp3	00572321679f30ebef658f05323d4eda7c9c014b5c46e6786a9f64b01b29c57d	Wanka afe pɔtee a wɔwoo no.		4	0	thirties	male_masculine	Native 		tw	
0ca034bbace1356d7186070ff11775fdf3d35ca54078cc21ca9df2ba3b095919da7cb031e0eb45c378148ca29a4ae7e3f0dcb7c687f4b8c0f1b04057b70a6497	common_voice_tw_35292363.mp3	032c872aeb96849e3758d0b681a8e44cd83780dd60774f7ee2c81a355b305412	So na wote ha pɛn?		4	0	thirties	male_masculine	Native 		tw	
0ca034bbace1356d7186070ff11775fdf3d35ca54078cc21ca9df2ba3b095919da7cb031e0eb45c378148ca29a4ae7e3f0dcb7c687f4b8c0f1b04057b70a6497	common_voice_tw_35292364.mp3	009fd065cca0b5b7cdc92eae5ceabe6362f1670d25c42a0211bc4513a2ee1070	Ɔreboa no.		4	0	thirties	male_masculine	Native 		tw	
0ca034bbace1356d7186070ff11775fdf3d35ca54078cc21ca9df2ba3b095919da7cb031e0eb45c378148ca29a4ae7e3f0dcb7c687f4b8c0f1b04057b70a6497	common_voice_tw_35292366.mp3	015c28b68b957e9d0b351bf1ec788e3d5968e9acce72e16f93a27a34db8b10f6	Na ɛsan hyɛɛ nkɔm sɛ: Nnipa bɔne asisifo bɛkɔ wɔn anim wɔ bɔne mu.		4	0	thirties	male_masculine	Native 		tw	
0ca034bbace1356d7186070ff11775fdf3d35ca54078cc21ca9df2ba3b095919da7cb031e0eb45c378148ca29a4ae7e3f0dcb7c687f4b8c0f1b04057b70a6497	common_voice_tw_35292367.mp3	016cb3bc76f202431fd62f6e33914ab2d2e649a75df8f7f6a8181bc5a678f7d3	Akyinnye biara nni ho sɛ ɔbɛkɔ England ahohuru bere yi mu.		4	0	thirties	male_masculine	Native 		tw	
0ca034bbace1356d7186070ff11775fdf3d35ca54078cc21ca9df2ba3b095919da7cb031e0eb45c378148ca29a4ae7e3f0dcb7c687f4b8c0f1b04057b70a6497	common_voice_tw_35292368.mp3	0312d511936ebad0e70b9e26f39f74ef6d96d070cde3e05a39370a1a0c4fede7	Sɛ woanyinyan w’anim a, wɔrensuro pii.		2	0	thirties	male_masculine	Native 		tw	
0ca034bbace1356d7186070ff11775fdf3d35ca54078cc21ca9df2ba3b095919da7cb031e0eb45c378148ca29a4ae7e3f0dcb7c687f4b8c0f1b04057b70a6497	common_voice_tw_35292369.mp3	01ece1c591df67622af83fc6ae7595671e3c8299a23b0d766c1a770087a11417	Mahu abɔfo na me ne wɔn akasa.		4	0	thirties	male_masculine	Native 		tw	
0ca034bbace1356d7186070ff11775fdf3d35ca54078cc21ca9df2ba3b095919da7cb031e0eb45c378148ca29a4ae7e3f0dcb7c687f4b8c0f1b04057b70a6497	common_voice_tw_35292370.mp3	02cebd376a2905b4464925e1e7b8016c1025d457a056d3cef0a929d788ac48f5	Ná nea edi kan no nyɛ papa.		4	0	thirties	male_masculine	Native 		tw	
0ca034bbace1356d7186070ff11775fdf3d35ca54078cc21ca9df2ba3b095919da7cb031e0eb45c378148ca29a4ae7e3f0dcb7c687f4b8c0f1b04057b70a6497	common_voice_tw_35292371.mp3	018764e17a88459271091bda267b84154ca14acb4e4dfa538f1fdadf1a839550	Kasafĩ Hela, bla·sphe·miʹa kɔ akyiri sen asɛm bi a wɔka no.		4	0	thirties	male_masculine	Native 		tw	
0ca034bbace1356d7186070ff11775fdf3d35ca54078cc21ca9df2ba3b095919da7cb031e0eb45c378148ca29a4ae7e3f0dcb7c687f4b8c0f1b04057b70a6497	common_voice_tw_35292372.mp3	0358c54f15af051d733fd946b2765dcee22714d4ba4ece738cd7372208f2d99f	Hia a Ɔdɔ Ho Hia		2	0	thirties	male_masculine	Native 		tw	
0ca034bbace1356d7186070ff11775fdf3d35ca54078cc21ca9df2ba3b095919da7cb031e0eb45c378148ca29a4ae7e3f0dcb7c687f4b8c0f1b04057b70a6497	common_voice_tw_35292373.mp3	01178810775be96b9bfddcd28b1834fb01258c570b1df4ed4180e95d34288773	• Ne tebea sesa mpofirim		2	0	thirties	male_masculine	Native 		tw	
0ca034bbace1356d7186070ff11775fdf3d35ca54078cc21ca9df2ba3b095919da7cb031e0eb45c378148ca29a4ae7e3f0dcb7c687f4b8c0f1b04057b70a6497	common_voice_tw_35292374.mp3	010faea6648ee1606647d2551f5acb7077a08c96ddd0a918c9706903f03c3ddd	Me yere ho dwiriw no.		4	0	thirties	male_masculine	Native 		tw	
0ca034bbace1356d7186070ff11775fdf3d35ca54078cc21ca9df2ba3b095919da7cb031e0eb45c378148ca29a4ae7e3f0dcb7c687f4b8c0f1b04057b70a6497	common_voice_tw_35292375.mp3	00f01aae476b7a15edeb0597540aacd20849d1365f0d298e62edd00581e17fe0	Aboa tuntum yi ho dwiriw no, te sɛ nea wɔakyere no.		4	0	thirties	male_masculine	Native 		tw	
0ca034bbace1356d7186070ff11775fdf3d35ca54078cc21ca9df2ba3b095919da7cb031e0eb45c378148ca29a4ae7e3f0dcb7c687f4b8c0f1b04057b70a6497	common_voice_tw_35292376.mp3	02e1cdd2b7273a4b3d8d88f4d6ff7c1cd29910b60fa090e5b7f40290759df026	Adwuma a wɔne afoforo bom yɛ		4	0	thirties	male_masculine	Native 		tw	
0ca034bbace1356d7186070ff11775fdf3d35ca54078cc21ca9df2ba3b095919da7cb031e0eb45c378148ca29a4ae7e3f0dcb7c687f4b8c0f1b04057b70a6497	common_voice_tw_35292377.mp3	00074794619719143eac01ab4b24d192a1ac7b9da0aec3210d5a1baf8d47a8bc	Ɔtoo dwom dedaw bi.		4	0	thirties	male_masculine	Native 		tw	
0ca034bbace1356d7186070ff11775fdf3d35ca54078cc21ca9df2ba3b095919da7cb031e0eb45c378148ca29a4ae7e3f0dcb7c687f4b8c0f1b04057b70a6497	common_voice_tw_35292378.mp3	0122ec1ba29f12f21974fc823ce000ceb1b8fb78bdc02ca819d3416163797755	Sɛ ɛnyɛ wo mmoa a, anka mintumi nyɛ.		4	0	thirties	male_masculine	Native 		tw	
0ca034bbace1356d7186070ff11775fdf3d35ca54078cc21ca9df2ba3b095919da7cb031e0eb45c378148ca29a4ae7e3f0dcb7c687f4b8c0f1b04057b70a6497	common_voice_tw_35292379.mp3	0353c4b1b05e6a5756cbb264195cc35d167fed6cb03a7ba836feaaecc8321308	Ɛyɛ wo na wohyɛɛ nyansa sɛ wubehu saa sini no.		4	0	thirties	male_masculine	Native 		tw	
0ca034bbace1356d7186070ff11775fdf3d35ca54078cc21ca9df2ba3b095919da7cb031e0eb45c378148ca29a4ae7e3f0dcb7c687f4b8c0f1b04057b70a6497	common_voice_tw_35292381.mp3	015dde22678c50755d620ef54a476792635db3995b8fd10e99a37290428216b8	Mintumi mpa abaw.		4	0	thirties	male_masculine	Native 		tw	
0ca034bbace1356d7186070ff11775fdf3d35ca54078cc21ca9df2ba3b095919da7cb031e0eb45c378148ca29a4ae7e3f0dcb7c687f4b8c0f1b04057b70a6497	common_voice_tw_35292382.mp3	01a67e114e88b0d3fad77f37276989dd3924c6c725d3cedf656f10abc7761f58	na ɔka sɛ: “ Me papa wui no		4	0	thirties	male_masculine	Native 		tw	
0ca034bbace1356d7186070ff11775fdf3d35ca54078cc21ca9df2ba3b095919da7cb031e0eb45c378148ca29a4ae7e3f0dcb7c687f4b8c0f1b04057b70a6497	common_voice_tw_35292383.mp3	02b977a41ea46ed52bbbbcac383cde5075bd89ff7614c7b73f46b2c84f1d3559	Ná misusuw sɛ Kwabena wɔ baabi a wɔtra.		4	0	thirties	male_masculine	Native 		tw	
0ca034bbace1356d7186070ff11775fdf3d35ca54078cc21ca9df2ba3b095919da7cb031e0eb45c378148ca29a4ae7e3f0dcb7c687f4b8c0f1b04057b70a6497	common_voice_tw_35292384.mp3	022b15bdabe217dd9655fc926a5ac46d54edde9b7f3f9baddfb4a5fc884046a1	Asamoah ani nnye agumadi ho no.		4	0	thirties	male_masculine	Native 		tw	
0ca034bbace1356d7186070ff11775fdf3d35ca54078cc21ca9df2ba3b095919da7cb031e0eb45c378148ca29a4ae7e3f0dcb7c687f4b8c0f1b04057b70a6497	common_voice_tw_35292385.mp3	02a19e657a30d638b35053688f9c55759b87ce559815b8b371a7effd2b032f7b	Baanu Ye Sen Obiako		4	0	thirties	male_masculine	Native 		tw	
0ca034bbace1356d7186070ff11775fdf3d35ca54078cc21ca9df2ba3b095919da7cb031e0eb45c378148ca29a4ae7e3f0dcb7c687f4b8c0f1b04057b70a6497	common_voice_tw_35292386.mp3	00347308c5ad7947454f939226f30bca5e3904b3c9b7b0ad24ccbbd6120f7d0a	Nnipa a Yehowa honhom kyerɛ wɔn kwan no		4	0	thirties	male_masculine	Native 		tw	
0ca034bbace1356d7186070ff11775fdf3d35ca54078cc21ca9df2ba3b095919da7cb031e0eb45c378148ca29a4ae7e3f0dcb7c687f4b8c0f1b04057b70a6497	common_voice_tw_35292401.mp3	019e9734046c293ddc645d53af8ab1593ae29361ba691d7632e6c8c987e8d049	Ɛno nti na wɔfrɛ no ɔsoro ahenni no.		4	0	thirties	male_masculine	Native 		tw	
0ca034bbace1356d7186070ff11775fdf3d35ca54078cc21ca9df2ba3b095919da7cb031e0eb45c378148ca29a4ae7e3f0dcb7c687f4b8c0f1b04057b70a6497	common_voice_tw_35292402.mp3	0030751277c3ebceacf2ca28311d03f42c6f2e6a0e40e305cb56b9395227dd99	Bere a akwanhyia no sii no, na nnipa baanan na wɔwɔ kar no mu.		2	0	thirties	male_masculine	Native 		tw	
0ca034bbace1356d7186070ff11775fdf3d35ca54078cc21ca9df2ba3b095919da7cb031e0eb45c378148ca29a4ae7e3f0dcb7c687f4b8c0f1b04057b70a6497	common_voice_tw_35292403.mp3	00cacaf817b1ffc3ccc7ae3712aff4b54414cb6ecc4ae797e3791b17e1b6108d	So ɛno nyɛ me de?		2	0	thirties	male_masculine	Native 		tw	
0ca034bbace1356d7186070ff11775fdf3d35ca54078cc21ca9df2ba3b095919da7cb031e0eb45c378148ca29a4ae7e3f0dcb7c687f4b8c0f1b04057b70a6497	common_voice_tw_35292405.mp3	0232cbc7385cd920db2d4035b862a8aaea66ab4adc8c9fd9a3472d4da828f9fb	Mansusuw da sɛ m'abufuw no begye din saa.		4	0	thirties	male_masculine	Native 		tw	
0ca034bbace1356d7186070ff11775fdf3d35ca54078cc21ca9df2ba3b095919da7cb031e0eb45c378148ca29a4ae7e3f0dcb7c687f4b8c0f1b04057b70a6497	common_voice_tw_35292406.mp3	030214908d4d50a9afff80ba0fa1856a0a1d964d178f4b00d73aa8016e8855e6	Nanso ɛnyɛ saa bere no na nkoasom fii ase koraa.		4	0	thirties	male_masculine	Native 		tw	
0ca034bbace1356d7186070ff11775fdf3d35ca54078cc21ca9df2ba3b095919da7cb031e0eb45c378148ca29a4ae7e3f0dcb7c687f4b8c0f1b04057b70a6497	common_voice_tw_35292407.mp3	02a7674572d769c42e2f1775636108517f0aa6715f803f61af2fab0cc1040b44	Bere a na ɔwɔ sukuu no ɔkwatii ahosiesie a ɛtra so.		4	0	thirties	male_masculine	Native 		tw	
0ca034bbace1356d7186070ff11775fdf3d35ca54078cc21ca9df2ba3b095919da7cb031e0eb45c378148ca29a4ae7e3f0dcb7c687f4b8c0f1b04057b70a6497	common_voice_tw_35292409.mp3	02ef0783ae375865bd4c954221846bcce2606b01083548a74501c5790007f770	Deɛn nti na ɛsɛ sɛ mebɔ wo paa?		4	0	thirties	male_masculine	Native 		tw	
0ca034bbace1356d7186070ff11775fdf3d35ca54078cc21ca9df2ba3b095919da7cb031e0eb45c378148ca29a4ae7e3f0dcb7c687f4b8c0f1b04057b70a6497	common_voice_tw_35292410.mp3	02e0b12f754559b1e465563a7e561dcb403d1c704078d31ce2440d2072630192	Ebia wubetumi anya nkate a ɛte saa ara wɔ w’ankasa wo ba ho.		4	0	thirties	male_masculine	Native 		tw	
0ca034bbace1356d7186070ff11775fdf3d35ca54078cc21ca9df2ba3b095919da7cb031e0eb45c378148ca29a4ae7e3f0dcb7c687f4b8c0f1b04057b70a6497	common_voice_tw_35292411.mp3	00b1b737f75c6ebe4fb69d8a01b2db0a824dccda89547494112babdd562e1aa4	Kwabena siesiee biribiara.		4	0	thirties	male_masculine	Native 		tw	
0ca034bbace1356d7186070ff11775fdf3d35ca54078cc21ca9df2ba3b095919da7cb031e0eb45c378148ca29a4ae7e3f0dcb7c687f4b8c0f1b04057b70a6497	common_voice_tw_35292412.mp3	0120f25ed8a7324dd2c0a039291e7289ec8997488c0795f411cc89783481cbd2	Midi sigya.		4	0	thirties	male_masculine	Native 		tw	
0ca034bbace1356d7186070ff11775fdf3d35ca54078cc21ca9df2ba3b095919da7cb031e0eb45c378148ca29a4ae7e3f0dcb7c687f4b8c0f1b04057b70a6497	common_voice_tw_35292413.mp3	00aa6203559949522844f32a01f8c704fa7fc28db6374927608f6099ce30d6e4	Asamoah di torobɛnto no bɔɔ abɛn.		2	0	thirties	male_masculine	Native 		tw	
0ca034bbace1356d7186070ff11775fdf3d35ca54078cc21ca9df2ba3b095919da7cb031e0eb45c378148ca29a4ae7e3f0dcb7c687f4b8c0f1b04057b70a6497	common_voice_tw_35292414.mp3	0378f9b4e15c49ade7fd9650c012e24f36bbdfe8d80d2a2ff8d19a00aa3fdf5a	Esiane ɔko no nti, wɔpam akwantufo no mu biako fii hɔ.		2	0	thirties	male_masculine	Native 		tw	
0ca034bbace1356d7186070ff11775fdf3d35ca54078cc21ca9df2ba3b095919da7cb031e0eb45c378148ca29a4ae7e3f0dcb7c687f4b8c0f1b04057b70a6497	common_voice_tw_35292415.mp3	02ed207e1b794d76ace6ae9db27a4877d1ba9b2d136d2997a8af345fae4fd139	wɔn dɔ		4	0	thirties	male_masculine	Native 		tw	
0ca034bbace1356d7186070ff11775fdf3d35ca54078cc21ca9df2ba3b095919da7cb031e0eb45c378148ca29a4ae7e3f0dcb7c687f4b8c0f1b04057b70a6497	common_voice_tw_35292416.mp3	011dbd64b6bf745ef41f761006c0954971fba18a00a94100d3a1c3fa674c42bc	Mehyehyɛ nkrataa abiɛsa.		2	0	thirties	male_masculine	Native 		tw	
0ca034bbace1356d7186070ff11775fdf3d35ca54078cc21ca9df2ba3b095919da7cb031e0eb45c378148ca29a4ae7e3f0dcb7c687f4b8c0f1b04057b70a6497	common_voice_tw_35292417.mp3	02c99ff25783f5c65e091d2111ae0abcdc4de79145775684f7086fc7caf3a1fb	Nnwom ne Awudi		4	0	thirties	male_masculine	Native 		tw	
0ca034bbace1356d7186070ff11775fdf3d35ca54078cc21ca9df2ba3b095919da7cb031e0eb45c378148ca29a4ae7e3f0dcb7c687f4b8c0f1b04057b70a6497	common_voice_tw_35292419.mp3	00b6303df27358bdb72c019ac7b3e434ac7d8d88aa8e62d7e571d082d0e4a396	Wubetumi aka kar?		4	0	thirties	male_masculine	Native 		tw	
0ca034bbace1356d7186070ff11775fdf3d35ca54078cc21ca9df2ba3b095919da7cb031e0eb45c378148ca29a4ae7e3f0dcb7c687f4b8c0f1b04057b70a6497	common_voice_tw_35292421.mp3	031f92bba3afa7354377f9f6f8eb89c4f8a0db925c6d278af4e75a17f71ecd3e	Ehia sɛ yɛn nyinaa tra ase kosi ase.		2	0	thirties	male_masculine	Native 		tw	
0ca034bbace1356d7186070ff11775fdf3d35ca54078cc21ca9df2ba3b095919da7cb031e0eb45c378148ca29a4ae7e3f0dcb7c687f4b8c0f1b04057b70a6497	common_voice_tw_35292422.mp3	00c37e8bc69c098393d70a2dd7980e482c1548db8358f44afb8ffe80b8025b42	Sɛ me yere hyɛ me abufuw a, dɛn na ɛsɛ sɛ meyɛ?		4	0	thirties	male_masculine	Native 		tw	
0ca034bbace1356d7186070ff11775fdf3d35ca54078cc21ca9df2ba3b095919da7cb031e0eb45c378148ca29a4ae7e3f0dcb7c687f4b8c0f1b04057b70a6497	common_voice_tw_35292424.mp3	00f6b3d5fd4ed57d91e13c525dca197a8503aefbada230c00f63fd10ed759acb	Meda mo ase sɛ moannom sigaret.		2	0	thirties	male_masculine	Native 		tw	
0ca034bbace1356d7186070ff11775fdf3d35ca54078cc21ca9df2ba3b095919da7cb031e0eb45c378148ca29a4ae7e3f0dcb7c687f4b8c0f1b04057b70a6497	common_voice_tw_35292425.mp3	02be1c3a91591c395dcb7deebe54483d86d559bea5a74910199b9a2422c4184c	mɛyɛ deɛ metumi biara.		4	0	thirties	male_masculine	Native 		tw	
0ca034bbace1356d7186070ff11775fdf3d35ca54078cc21ca9df2ba3b095919da7cb031e0eb45c378148ca29a4ae7e3f0dcb7c687f4b8c0f1b04057b70a6497	common_voice_tw_35292426.mp3	001abeb56261ba1a0bc080bf5a8ea737c815964f08eda25a3772063f797111e7	Nnawɔtwe a edi yɛn ayeforohyia akyi no, yɛkɔsraa asafo bi wɔ Rapu Rapu Island.		4	0	thirties	male_masculine	Native 		tw	
0ca034bbace1356d7186070ff11775fdf3d35ca54078cc21ca9df2ba3b095919da7cb031e0eb45c378148ca29a4ae7e3f0dcb7c687f4b8c0f1b04057b70a6497	common_voice_tw_35292427.mp3	02f2e0603ae40d8280d42fe23d78572bcc81362d447b0ba5ad5d25218f3f1dcb	Nhwehwɛmufo foforo nnye saa nneɛma a wɔahu yi ntom.		4	0	thirties	male_masculine	Native 		tw	
0ca034bbace1356d7186070ff11775fdf3d35ca54078cc21ca9df2ba3b095919da7cb031e0eb45c378148ca29a4ae7e3f0dcb7c687f4b8c0f1b04057b70a6497	common_voice_tw_35292428.mp3	02860ac76fb0f11a74bb645b715b00a4712089f0c1171dc40f52fe264344a6d5	Ɛmfa nnuru a atwam.		4	0	thirties	male_masculine	Native 		tw	
0ca034bbace1356d7186070ff11775fdf3d35ca54078cc21ca9df2ba3b095919da7cb031e0eb45c378148ca29a4ae7e3f0dcb7c687f4b8c0f1b04057b70a6497	common_voice_tw_35292429.mp3	035d707e0b032af52492d236e55dbf2dcb048df24425fcad85f04d8a42b2daa3	Efisɛ sɛ ‘ wuwu ’ a womma nkwa mu bio. — The New York Times Magazine.		2	0	thirties	male_masculine	Native 		tw	
0ca034bbace1356d7186070ff11775fdf3d35ca54078cc21ca9df2ba3b095919da7cb031e0eb45c378148ca29a4ae7e3f0dcb7c687f4b8c0f1b04057b70a6497	common_voice_tw_35292430.mp3	00c259bf0378622c23fb9278e52ebfd63864585db1271fcfe3ae691c7399400c	Ɛdeɛn na woreyɛ no nnansa yi?		2	0	thirties	male_masculine	Native 		tw	
0ca034bbace1356d7186070ff11775fdf3d35ca54078cc21ca9df2ba3b095919da7cb031e0eb45c378148ca29a4ae7e3f0dcb7c687f4b8c0f1b04057b70a6497	common_voice_tw_35292431.mp3	004b35d132677d457b5df11bbf209487320e0fe0e80d22d40d069c4a7aabeec7	Ɛbɛsan ama yɛahu sɛnea anidaso a yɛwɔ sɛ yebenya akatua no bɛboa yɛn.		2	0	thirties	male_masculine	Native 		tw	
0ca034bbace1356d7186070ff11775fdf3d35ca54078cc21ca9df2ba3b095919da7cb031e0eb45c378148ca29a4ae7e3f0dcb7c687f4b8c0f1b04057b70a6497	common_voice_tw_35292432.mp3	00b476c67e9014d6c7fc78d7198525971fd7a8ba39bda02a01156ae05f45c0c5	Wususuw sɛ ɛboae?		4	0	thirties	male_masculine	Native 		tw	
0ca034bbace1356d7186070ff11775fdf3d35ca54078cc21ca9df2ba3b095919da7cb031e0eb45c378148ca29a4ae7e3f0dcb7c687f4b8c0f1b04057b70a6497	common_voice_tw_35292433.mp3	000c7a9e1d5ce8e4eee4252e7274e1941626e1f16b60b8a9062a1ef886cff521	Na ehia sɛ wɔyɛ me oprehyɛn.		4	0	thirties	male_masculine	Native 		tw	
0ca034bbace1356d7186070ff11775fdf3d35ca54078cc21ca9df2ba3b095919da7cb031e0eb45c378148ca29a4ae7e3f0dcb7c687f4b8c0f1b04057b70a6497	common_voice_tw_35292434.mp3	01a255c272cefdf349617180e35fe3c900fb125bd07dcba50e2d6a8ef371e35f	Ahude Ho Anigye a Wɔkyerɛ		4	0	thirties	male_masculine	Native 		tw	
0ca034bbace1356d7186070ff11775fdf3d35ca54078cc21ca9df2ba3b095919da7cb031e0eb45c378148ca29a4ae7e3f0dcb7c687f4b8c0f1b04057b70a6497	common_voice_tw_35292435.mp3	00fa4d7bf29c1993dc272e078b4c1ca78be9b0de965f5e263aaa7e0c7ef63a45	• Sɛ́ wubegyae sigaretnom no yɛ ade biako.		2	0	thirties	male_masculine	Native 		tw	
0ca034bbace1356d7186070ff11775fdf3d35ca54078cc21ca9df2ba3b095919da7cb031e0eb45c378148ca29a4ae7e3f0dcb7c687f4b8c0f1b04057b70a6497	common_voice_tw_35292436.mp3	01b888da7b052df66c4fffa0434251fb867b38119bf032785e84ed485d2157e0	Wɔyɛ nnwontofo.		4	0	thirties	male_masculine	Native 		tw	
0ca034bbace1356d7186070ff11775fdf3d35ca54078cc21ca9df2ba3b095919da7cb031e0eb45c378148ca29a4ae7e3f0dcb7c687f4b8c0f1b04057b70a6497	common_voice_tw_35292437.mp3	01694adf21fc8911db1cdfe80635e8627c362067117f2a999f46c33667092775	Nkurɔfo kae sɛ wabɔ dam.		4	0	thirties	male_masculine	Native 		tw	
0ca034bbace1356d7186070ff11775fdf3d35ca54078cc21ca9df2ba3b095919da7cb031e0eb45c378148ca29a4ae7e3f0dcb7c687f4b8c0f1b04057b70a6497	common_voice_tw_35292438.mp3	00ba7dbf7da0b7e946f122f50a7d8e9cefaf848106b11a3d210e6196599c58f3	Nhunahuna me.		4	0	thirties	male_masculine	Native 		tw	
0ca034bbace1356d7186070ff11775fdf3d35ca54078cc21ca9df2ba3b095919da7cb031e0eb45c378148ca29a4ae7e3f0dcb7c687f4b8c0f1b04057b70a6497	common_voice_tw_35292439.mp3	035842952866e44f607d774536762f53b2c66303099bd77115e93cd195f8a2b8	Mihuu safe a na merehwehwɛ no.		2	0	thirties	male_masculine	Native 		tw	
0ca034bbace1356d7186070ff11775fdf3d35ca54078cc21ca9df2ba3b095919da7cb031e0eb45c378148ca29a4ae7e3f0dcb7c687f4b8c0f1b04057b70a6497	common_voice_tw_35292440.mp3	02aecfb67f76503f584cff9804f4b5f1244cd6de10ee55b0c380ac98826ea33c	Ɔkwan no so ankasa na menam yi? ’		4	0	thirties	male_masculine	Native 		tw	
0ca034bbace1356d7186070ff11775fdf3d35ca54078cc21ca9df2ba3b095919da7cb031e0eb45c378148ca29a4ae7e3f0dcb7c687f4b8c0f1b04057b70a6497	common_voice_tw_35292441.mp3	012a4a61fe5cd41c8b72beb2671cae3448c6f26f51b94380a19d8a3fa8b3ac5e	Biribiara nni hɔ a yɛayɛ nnɛ a yɛayɛ sɛnea yɛpɛ.		4	0	thirties	male_masculine	Native 		tw	
0ca034bbace1356d7186070ff11775fdf3d35ca54078cc21ca9df2ba3b095919da7cb031e0eb45c378148ca29a4ae7e3f0dcb7c687f4b8c0f1b04057b70a6497	common_voice_tw_35292442.mp3	007a9caaa71f00b3294b86b2cabdfe41cc15182d50fe2fc1f8ee226c7448971e	Na bere a awufo asɔre no, wobeyi ntɛnkyea a atwam no nyinaa afi hɔ.		4	0	thirties	male_masculine	Native 		tw	
0ca034bbace1356d7186070ff11775fdf3d35ca54078cc21ca9df2ba3b095919da7cb031e0eb45c378148ca29a4ae7e3f0dcb7c687f4b8c0f1b04057b70a6497	common_voice_tw_35292443.mp3	0066b63be85f866752f4144b45c64bedaf91ab04b852f2856ee98b60b34474ef	Kae nea meka kyerɛɛ wo no.		4	0	thirties	male_masculine	Native 		tw	
0ca034bbace1356d7186070ff11775fdf3d35ca54078cc21ca9df2ba3b095919da7cb031e0eb45c378148ca29a4ae7e3f0dcb7c687f4b8c0f1b04057b70a6497	common_voice_tw_35292444.mp3	02f5ed153912d748c38f9083480a73bd1845e5de38cbd3741df400dcfafe2278	Wɔbɔ gu sɛ nea ne bere atwam, na ɛyɛ katee dodo.		2	0	thirties	male_masculine	Native 		tw	
0ca034bbace1356d7186070ff11775fdf3d35ca54078cc21ca9df2ba3b095919da7cb031e0eb45c378148ca29a4ae7e3f0dcb7c687f4b8c0f1b04057b70a6497	common_voice_tw_35292445.mp3	014cb1293b00c04e33bbacd94dbea379a7ebff7b4d6686ee83e9858b27ae5a16	Nnipa ahyɛ adidibea hɔ ma bere nyinaa.		4	0	thirties	male_masculine	Native 		tw	
0ca034bbace1356d7186070ff11775fdf3d35ca54078cc21ca9df2ba3b095919da7cb031e0eb45c378148ca29a4ae7e3f0dcb7c687f4b8c0f1b04057b70a6497	common_voice_tw_35292446.mp3	0301b4aaab86e691d132940c2d6e61e14192de66bd875fcb7029074153ca8037	Nanso Mia anwu.		4	0	thirties	male_masculine	Native 		tw	
0ca034bbace1356d7186070ff11775fdf3d35ca54078cc21ca9df2ba3b095919da7cb031e0eb45c378148ca29a4ae7e3f0dcb7c687f4b8c0f1b04057b70a6497	common_voice_tw_35292447.mp3	0308d36a71f96cb483c79142f4d4926d57236cfb5a6ad63f659d8b1b1a6571e8	Meda so ara wom.		4	0	thirties	male_masculine	Native 		tw	
0ca034bbace1356d7186070ff11775fdf3d35ca54078cc21ca9df2ba3b095919da7cb031e0eb45c378148ca29a4ae7e3f0dcb7c687f4b8c0f1b04057b70a6497	common_voice_tw_35292448.mp3	027b85cbd4d8ecfc5a1d8e420cb7884f8d42ab21119624c8663fc094f550bb46	Asamoa twitwaa pai no mu asinasin nsia.		4	0	thirties	male_masculine	Native 		tw	
0ca034bbace1356d7186070ff11775fdf3d35ca54078cc21ca9df2ba3b095919da7cb031e0eb45c378148ca29a4ae7e3f0dcb7c687f4b8c0f1b04057b70a6497	common_voice_tw_35292449.mp3	021621e79ced1db3dcf1a2edea4e7be398b38821611fe44e8a3a08f2cb539d8c	Me ne no traa dan biako mu.		4	0	thirties	male_masculine	Native 		tw	
0ca034bbace1356d7186070ff11775fdf3d35ca54078cc21ca9df2ba3b095919da7cb031e0eb45c378148ca29a4ae7e3f0dcb7c687f4b8c0f1b04057b70a6497	common_voice_tw_35292455.mp3	0219c7622df771aa66f4d8640d5ac47974ebf96d137242e3e4feaca781494afd	‘ So Biribi Atõtõ? ’		2	0	thirties	male_masculine	Native 		tw	
0ca034bbace1356d7186070ff11775fdf3d35ca54078cc21ca9df2ba3b095919da7cb031e0eb45c378148ca29a4ae7e3f0dcb7c687f4b8c0f1b04057b70a6497	common_voice_tw_35292456.mp3	035e1eda6162e94869992599332fc889c1c13fa9feeffc37d98f6a0bb399fcd3	Asamoah ye nyansa ni		4	0	thirties	male_masculine	Native 		tw	
0ca034bbace1356d7186070ff11775fdf3d35ca54078cc21ca9df2ba3b095919da7cb031e0eb45c378148ca29a4ae7e3f0dcb7c687f4b8c0f1b04057b70a6497	common_voice_tw_35292457.mp3	01d783a04d9aadd69c0299121673fc35ed91bd459cc1007a2728869fc548301b	Dɛn nti na wudii atoro?		2	0	thirties	male_masculine	Native 		tw	
0ca034bbace1356d7186070ff11775fdf3d35ca54078cc21ca9df2ba3b095919da7cb031e0eb45c378148ca29a4ae7e3f0dcb7c687f4b8c0f1b04057b70a6497	common_voice_tw_35292458.mp3	03468925649654cc269bbf56e42042a193156e02fd98f08df3c25402eb410c76	Merenhu no bio da.		4	0	thirties	male_masculine	Native 		tw	
0ca034bbace1356d7186070ff11775fdf3d35ca54078cc21ca9df2ba3b095919da7cb031e0eb45c378148ca29a4ae7e3f0dcb7c687f4b8c0f1b04057b70a6497	common_voice_tw_35292459.mp3	00496e79ba4ecdc7f386f0e2ceab0d25c5d763ad44530f20bff99605288bec9a	Akonta yɛ no mmerɛwyɛ		2	0	thirties	male_masculine	Native 		tw	
0ca034bbace1356d7186070ff11775fdf3d35ca54078cc21ca9df2ba3b095919da7cb031e0eb45c378148ca29a4ae7e3f0dcb7c687f4b8c0f1b04057b70a6497	common_voice_tw_35292460.mp3	0379379b843d7e734e630de8a1eee246b2d7d973b79ebcf56c21a086eac6045c	Ɛyɛ yɛn ankasa gyinaesi.		2	0	thirties	male_masculine	Native 		tw	
0ca034bbace1356d7186070ff11775fdf3d35ca54078cc21ca9df2ba3b095919da7cb031e0eb45c378148ca29a4ae7e3f0dcb7c687f4b8c0f1b04057b70a6497	common_voice_tw_35292461.mp3	0007fa7ae596bb3d5a3bbdb29de9502dfa301a9aa1e9f8e4432df54e5a123db3	Sɛ wuhia kyinii a, metumi ama wo bi.		4	0	thirties	male_masculine	Native 		tw	
0ca034bbace1356d7186070ff11775fdf3d35ca54078cc21ca9df2ba3b095919da7cb031e0eb45c378148ca29a4ae7e3f0dcb7c687f4b8c0f1b04057b70a6497	common_voice_tw_35292462.mp3	006033ac0917a6cd9daca9a5b0ca8bcfebcc3dbe44898fba612d08e932cecb28	Nnipa pii a wɔn ani gye wɔn adwuma ho asua sɛ wɔbɛyɛ saa.		4	2	thirties	male_masculine	Native 		tw	
0ca034bbace1356d7186070ff11775fdf3d35ca54078cc21ca9df2ba3b095919da7cb031e0eb45c378148ca29a4ae7e3f0dcb7c687f4b8c0f1b04057b70a6497	common_voice_tw_35292463.mp3	0005375d68095cc9f89c82345fff454f6b1a9ef3f7d50de5e732d42357cc2913	Wɔn nyinaa ka bom boa wɔn ho wɔn ho.		2	0	thirties	male_masculine	Native 		tw	
0ca034bbace1356d7186070ff11775fdf3d35ca54078cc21ca9df2ba3b095919da7cb031e0eb45c378148ca29a4ae7e3f0dcb7c687f4b8c0f1b04057b70a6497	common_voice_tw_35292464.mp3	03a403a385fc5f0d21a3fffc6c0e442f05e1891c5019d716bc4c49ce3c0d55d8	ɔne n’asuafo no hyiae na ɔkyerɛɛ wɔn sɛnea wɔnkae ne wu no.		4	0	thirties	male_masculine	Native 		tw	
0ca034bbace1356d7186070ff11775fdf3d35ca54078cc21ca9df2ba3b095919da7cb031e0eb45c378148ca29a4ae7e3f0dcb7c687f4b8c0f1b04057b70a6497	common_voice_tw_35292469.mp3	02ca7b65cdf01329e0f99c001f253869bc2b4d4b46f450d7f8d5699970385102	Mene onipa a ɔwɔ anigye sen biara wɔ asase so.		4	0	thirties	male_masculine	Native 		tw	
0ca034bbace1356d7186070ff11775fdf3d35ca54078cc21ca9df2ba3b095919da7cb031e0eb45c378148ca29a4ae7e3f0dcb7c687f4b8c0f1b04057b70a6497	common_voice_tw_35292470.mp3	020eaf2dd3f0e9fddc70ed3ddc6d56f07cee4f37db714a45c0fda932cc7f9c34	Wɔabɔ Kwabena sobo sɛ okum Abena.		2	0	thirties	male_masculine	Native 		tw	
0ca034bbace1356d7186070ff11775fdf3d35ca54078cc21ca9df2ba3b095919da7cb031e0eb45c378148ca29a4ae7e3f0dcb7c687f4b8c0f1b04057b70a6497	common_voice_tw_35292471.mp3	01d87098f6134a753eb2b5389f9864ed5408dff41d5117b6b745f6f43ad4feea	Esiane sɛ na Asamoah ani gye aguare wɔ ɔtare no mu.		4	0	thirties	male_masculine	Native 		tw	
0ca034bbace1356d7186070ff11775fdf3d35ca54078cc21ca9df2ba3b095919da7cb031e0eb45c378148ca29a4ae7e3f0dcb7c687f4b8c0f1b04057b70a6497	common_voice_tw_35292472.mp3	016e3e63dcd3dab48eed4eab8fffdde694047538d5efb96278fdf6c4df3b8cc1	So ɛsɛ sɛ meyɛ no bio?		4	0	thirties	male_masculine	Native 		tw	
0ca034bbace1356d7186070ff11775fdf3d35ca54078cc21ca9df2ba3b095919da7cb031e0eb45c378148ca29a4ae7e3f0dcb7c687f4b8c0f1b04057b70a6497	common_voice_tw_35292481.mp3	0372631e65c897bf04edf086d9d7c8d40f10f7fb2c4108b5b91d1acb2c70b968	June, July, ne August, asram a ɔhyew wom sen biara wɔ afe no mu.		4	0	thirties	male_masculine	Native 		tw	
0ca034bbace1356d7186070ff11775fdf3d35ca54078cc21ca9df2ba3b095919da7cb031e0eb45c378148ca29a4ae7e3f0dcb7c687f4b8c0f1b04057b70a6497	common_voice_tw_35292482.mp3	002cfb6d2543127c4150457edea8b261f53cb86bf1a0426fb9a61e7ef9dc4059	Nanso sɛ afoforo nni hɔ a ɔyɛ onipa soronko — ɔhaw adwene!		4	0	thirties	male_masculine	Native 		tw	
0ca034bbace1356d7186070ff11775fdf3d35ca54078cc21ca9df2ba3b095919da7cb031e0eb45c378148ca29a4ae7e3f0dcb7c687f4b8c0f1b04057b70a6497	common_voice_tw_35292483.mp3	024d4d7c7fbe17dfcb4c7db244facd74be1119a6a6260cc7ebe2171d3f8391b1	na sɛn na Yehowa de n’Asɛm no boa yɛn?		2	0	thirties	male_masculine	Native 		tw	
0ca034bbace1356d7186070ff11775fdf3d35ca54078cc21ca9df2ba3b095919da7cb031e0eb45c378148ca29a4ae7e3f0dcb7c687f4b8c0f1b04057b70a6497	common_voice_tw_35292484.mp3	02ba2b7b36ef0b76f4b9f0b3156034f6da76351535369199de9083ae92bca941	Daakye a Anigye Wom Ma Okyinnsoromma a Ɛne Asase No		4	0	thirties	male_masculine	Native 		tw	
0ca034bbace1356d7186070ff11775fdf3d35ca54078cc21ca9df2ba3b095919da7cb031e0eb45c378148ca29a4ae7e3f0dcb7c687f4b8c0f1b04057b70a6497	common_voice_tw_35292485.mp3	006eaa02bc40d409e59c387bc7fbaf4e8b71cd569ae4634bf7da4f6fda353ebc	Asoɔden a Adam yɛe no, dɛn na akɔfa aba?		2	0	thirties	male_masculine	Native 		tw	
0ca034bbace1356d7186070ff11775fdf3d35ca54078cc21ca9df2ba3b095919da7cb031e0eb45c378148ca29a4ae7e3f0dcb7c687f4b8c0f1b04057b70a6497	common_voice_tw_35292490.mp3	01393f91fb9e5c16c085a457c8d1077d47a4ced123449538419bc7435f2297ef	Wontumi nhu Roma da koro.		4	0	thirties	male_masculine	Native 		tw	
0ca034bbace1356d7186070ff11775fdf3d35ca54078cc21ca9df2ba3b095919da7cb031e0eb45c378148ca29a4ae7e3f0dcb7c687f4b8c0f1b04057b70a6497	common_voice_tw_35292491.mp3	02f31768e4049d05f8fde559e2109bbe031eeec89905bfaf974b050f4c37a777	Mia hwɛ ho nsɛm pii wɔ ha.		4	2	thirties	male_masculine	Native 		tw	
0ca034bbace1356d7186070ff11775fdf3d35ca54078cc21ca9df2ba3b095919da7cb031e0eb45c378148ca29a4ae7e3f0dcb7c687f4b8c0f1b04057b70a6497	common_voice_tw_35292492.mp3	0132132d595436b2db8119626484d04c7fddb3cb6878ff06b1219090b3bceaad	Brent de, awofo a wosuro Nyankopɔn na ɛtetee no.		4	0	thirties	male_masculine	Native 		tw	
0ca034bbace1356d7186070ff11775fdf3d35ca54078cc21ca9df2ba3b095919da7cb031e0eb45c378148ca29a4ae7e3f0dcb7c687f4b8c0f1b04057b70a6497	common_voice_tw_35292494.mp3	01793ed9a7abbf88a86a80d3406a79b9d43b844ff4b3c22b14c81ffcd720b27f	Ɛsɛ sɛ yɛhwehwɛ Asamoa anadwo yi.		4	0	thirties	male_masculine	Native 		tw	
